stage,gain,candidate_key,scenario_count,rejected,rejection_reasons,final_score,inner_loop_aggregate,integrated_loiter_aggregate,worst_scenario_score,scenario_mean_score,mean_vane_command_rms_deg,mean_vane_total_variation_deg,mean_moving_mass_rms_displacement_m,mean_moving_mass_total_travel_m,worst_asymmetry_fraction,mean_moving_mass_command_clipping_duty_percent,mean_moving_mass_rail_contact_duty_percent,mean_moving_mass_rate_limiter_duty_percent,mean_moving_mass_acceleration_limiter_duty_percent,max_moving_mass_command_clipping_longest_continuous_duration_s,max_moving_mass_rail_contact_longest_continuous_duration_s,max_moving_mass_rate_limiter_longest_continuous_duration_s,max_moving_mass_acceleration_limiter_longest_continuous_duration_s,scenario_scores_json,symmetry_json,rank
stage3_local,0.0415,gain=0.04150000,7,False,,0.5858400877649983,0.38676824745426164,0.7487170480192373,0.5853529172248085,0.3994134205199783,0.574999283796635,20.499985136541174,0.0009197803867279649,0.02854773933939016,0.0,0.0,0.0,0.17857142857142858,4.892857142857143,0.0,0.0,0.02999999999999936,0.42999999999999083,"{""backward_1m"":0.5853529172248085,""forward_1m"":0.5853529172248085,""loiter_negative_disturbance"":0.32548294476749623,""loiter_positive_disturbance"":0.32548294476749623,""pitch_negative_recovery"":0.2578454983028411,""pitch_positive_recovery"":0.2578454983028411,""stick_release"":0.4585312230495558}","{""forward_1m__backward_1m__final_abs_position_error_m"":0.0,""forward_1m__backward_1m__moving_mass_rms_displacement_m"":0.0,""forward_1m__backward_1m__position_overshoot_m"":0.0,""forward_1m__backward_1m__tail_path_length_m"":0.0,""forward_1m__backward_1m__tail_rms_horizontal_velocity_m_s"":0.0,""forward_1m__backward_1m__tail_rms_pitch_deg"":0.0,""forward_1m__backward_1m__tail_rms_pitch_rate_deg_s"":0.0,""forward_1m__backward_1m__vane_command_rms_deg"":0.0,""loiter_positive_disturbance__loiter_negative_disturbance__final_abs_position_error_m"":0.0,""loiter_positive_disturbance__loiter_negative_disturbance__moving_mass_rms_displacement_m"":0.0,""loiter_positive_disturbance__loiter_negative_disturbance__position_overshoot_m"":0.0,""loiter_positive_disturbance__loiter_negative_disturbance__tail_path_length_m"":0.0,""loiter_positive_disturbance__loiter_negative_disturbance__tail_rms_horizontal_velocity_m_s"":0.0,""loiter_positive_disturbance__loiter_negative_disturbance__tail_rms_pitch_deg"":0.0,""loiter_positive_disturbance__loiter_negative_disturbance__tail_rms_pitch_rate_deg_s"":0.0,""loiter_positive_disturbance__loiter_negative_disturbance__vane_command_rms_deg"":0.0,""pitch_positive_recovery__pitch_negative_recovery__final_abs_position_error_m"":0.0,""pitch_positive_recovery__pitch_negative_recovery__moving_mass_rms_displacement_m"":0.0,""pitch_positive_recovery__pitch_negative_recovery__position_overshoot_m"":0.0,""pitch_positive_recovery__pitch_negative_recovery__tail_path_length_m"":0.0,""pitch_positive_recovery__pitch_negative_recovery__tail_rms_horizontal_velocity_m_s"":0.0,""pitch_positive_recovery__pitch_negative_recovery__tail_rms_pitch_deg"":0.0,""pitch_positive_recovery__pitch_negative_recovery__tail_rms_pitch_rate_deg_s"":0.0,""pitch_positive_recovery__pitch_negative_recovery__vane_command_rms_deg"":0.0}",1
stage3_local,0.0425,gain=0.04250000,7,False,,0.5879499406370574,0.3101018708612968,0.8152801795444977,0.6329659406051644,0.4153507439082819,0.5785728446559552,20.598195413255667,0.0009543818996144423,0.029398426514506637,0.0,0.0,0.0,0.17857142857142858,4.845238095238096,0.0,0.0,0.02999999999999936,0.2249999999999952,"{""backward_1m"":0.6329659406051644,""forward_1m"":0.6329659406051644,""loiter_negative_disturbance"":0.37870865011811083,""loiter_positive_disturbance"":0.37870865011811083,""pitch_negative_recovery"":0.20673458057419788,""pitch_positive_recovery"":0.20673458057419788,""stick_release"":0.4706368647630269}","{""forward_1m__backward_1m__final_abs_position_error_m"":0.0,""forward_1m__backward_1m__moving_mass_rms_displacement_m"":0.0,""forward_1m__backward_1m__position_overshoot_m"":0.0,""forward_1m__backward_1m__tail_path_length_m"":0.0,""forward_1m__backward_1m__tail_rms_horizontal_velocity_m_s"":0.0,""forward_1m__backward_1m__tail_rms_pitch_deg"":0.0,""forward_1m__backward_1m__tail_rms_pitch_rate_deg_s"":0.0,""forward_1m__backward_1m__vane_command_rms_deg"":0.0,""loiter_positive_disturbance__loiter_negative_disturbance__final_abs_position_error_m"":0.0,""loiter_positive_disturbance__loiter_negative_disturbance__moving_mass_rms_displacement_m"":0.0,""loiter_positive_disturbance__loiter_negative_disturbance__position_overshoot_m"":0.0,""loiter_positive_disturbance__loiter_negative_disturbance__tail_path_length_m"":0.0,""loiter_positive_disturbance__loiter_negative_disturbance__tail_rms_horizontal_velocity_m_s"":0.0,""loiter_positive_disturbance__loiter_negative_disturbance__tail_rms_pitch_deg"":0.0,""loiter_positive_disturbance__loiter_negative_disturbance__tail_rms_pitch_rate_deg_s"":0.0,""loiter_positive_disturbance__loiter_negative_disturbance__vane_command_rms_deg"":0.0,""pitch_positive_recovery__pitch_negative_recovery__final_abs_position_error_m"":0.0,""pitch_positive_recovery__pitch_negative_recovery__moving_mass_rms_displacement_m"":0.0,""pitch_positive_recovery__pitch_negative_recovery__position_overshoot_m"":0.0,""pitch_positive_recovery__pitch_negative_recovery__tail_path_length_m"":0.0,""pitch_positive_recovery__pitch_negative_recovery__tail_rms_horizontal_velocity_m_s"":0.0,""pitch_positive_recovery__pitch_negative_recovery__tail_rms_pitch_deg"":0.0,""pitch_positive_recovery__pitch_negative_recovery__tail_rms_pitch_rate_deg_s"":0.0,""pitch_positive_recovery__pitch_negative_recovery__vane_command_rms_deg"":0.0}",2
stage3_local,0.0405,gain=0.04050000,7,False,,0.6127062652924536,0.4664681170751109,0.7323556592884612,0.5547146145519082,0.4138498927851453,0.5733911441791305,20.414584241108077,0.0008952735327337201,0.02780930478606119,0.0,0.0,0.0,0.17857142857142858,4.755952380952381,0.0,0.0,0.02999999999999936,0.2249999999999952,"{""backward_1m"":0.5547146145519082,""forward_1m"":0.5547146145519082,""loiter_negative_disturbance"":0.3464255432098929,""loiter_positive_disturbance"":0.3464255432098929,""pitch_negative_recovery"":0.3109787447167406,""pitch_positive_recovery"":0.3109787447167406,""stick_release"":0.4727114445389336}","{""forward_1m__backward_1m__final_abs_position_error_m"":0.0,""forward_1m__backward_1m__moving_mass_rms_displacement_m"":0.0,""forward_1m__backward_1m__position_overshoot_m"":0.0,""forward_1m__backward_1m__tail_path_length_m"":0.0,""forward_1m__backward_1m__tail_rms_horizontal_velocity_m_s"":0.0,""forward_1m__backward_1m__tail_rms_pitch_deg"":0.0,""forward_1m__backward_1m__tail_rms_pitch_rate_deg_s"":0.0,""forward_1m__backward_1m__vane_command_rms_deg"":0.0,""loiter_positive_disturbance__loiter_negative_disturbance__final_abs_position_error_m"":0.0,""loiter_positive_disturbance__loiter_negative_disturbance__moving_mass_rms_displacement_m"":0.0,""loiter_positive_disturbance__loiter_negative_disturbance__position_overshoot_m"":0.0,""loiter_positive_disturbance__loiter_negative_disturbance__tail_path_length_m"":0.0,""loiter_positive_disturbance__loiter_negative_disturbance__tail_rms_horizontal_velocity_m_s"":0.0,""loiter_positive_disturbance__loiter_negative_disturbance__tail_rms_pitch_deg"":0.0,""loiter_positive_disturbance__loiter_negative_disturbance__tail_rms_pitch_rate_deg_s"":0.0,""loiter_positive_disturbance__loiter_negative_disturbance__vane_command_rms_deg"":0.0,""pitch_positive_recovery__pitch_negative_recovery__final_abs_position_error_m"":0.0,""pitch_positive_recovery__pitch_negative_recovery__moving_mass_rms_displacement_m"":0.0,""pitch_positive_recovery__pitch_negative_recovery__position_overshoot_m"":0.0,""pitch_positive_recovery__pitch_negative_recovery__tail_path_length_m"":0.0,""pitch_positive_recovery__pitch_negative_recovery__tail_rms_horizontal_velocity_m_s"":0.0,""pitch_positive_recovery__pitch_negative_recovery__tail_rms_pitch_deg"":0.0,""pitch_positive_recovery__pitch_negative_recovery__tail_rms_pitch_rate_deg_s"":0.0,""pitch_positive_recovery__pitch_negative_recovery__vane_command_rms_deg"":0.0}",3
stage3_local,0.0475,gain=0.04750000,7,False,,0.6231404368575117,0.35309143288057837,0.844089621929548,0.7833822924878484,0.3903972793717462,0.5848557285559549,21.173191272766253,0.0010615376969566204,0.03348034548688624,0.0,0.0,0.0,0.17857142857142858,5.136904761904762,0.0,0.0,0.02999999999999936,0.23999999999999488,"{""backward_1m"":0.3793546665817122,""forward_1m"":0.3793546665817122,""loiter_negative_disturbance"":0.3599503763884229,""loiter_positive_disturbance"":0.3599503763884229,""pitch_negative_recovery"":0.23539428858705225,""pitch_positive_recovery"":0.23539428858705225,""stick_release"":0.7833822924878484}","{""forward_1m__backward_1m__final_abs_position_error_m"":0.0,""forward_1m__backward_1m__moving_mass_rms_displacement_m"":0.0,""forward_1m__backward_1m__position_overshoot_m"":0.0,""forward_1m__backward_1m__tail_path_length_m"":0.0,""forward_1m__backward_1m__tail_rms_horizontal_velocity_m_s"":0.0,""forward_1m__backward_1m__tail_rms_pitch_deg"":0.0,""forward_1m__backward_1m__tail_rms_pitch_rate_deg_s"":0.0,""forward_1m__backward_1m__vane_command_rms_deg"":0.0,""loiter_positive_disturbance__loiter_negative_disturbance__final_abs_position_error_m"":0.0,""loiter_positive_disturbance__loiter_negative_disturbance__moving_mass_rms_displacement_m"":0.0,""loiter_positive_disturbance__loiter_negative_disturbance__position_overshoot_m"":0.0,""loiter_positive_disturbance__loiter_negative_disturbance__tail_path_length_m"":0.0,""loiter_positive_disturbance__loiter_negative_disturbance__tail_rms_horizontal_velocity_m_s"":0.0,""loiter_positive_disturbance__loiter_negative_disturbance__tail_rms_pitch_deg"":0.0,""loiter_positive_disturbance__loiter_negative_disturbance__tail_rms_pitch_rate_deg_s"":0.0,""loiter_positive_disturbance__loiter_negative_disturbance__vane_command_rms_deg"":0.0,""pitch_positive_recovery__pitch_negative_recovery__final_abs_position_error_m"":0.0,""pitch_positive_recovery__pitch_negative_recovery__moving_mass_rms_displacement_m"":0.0,""pitch_positive_recovery__pitch_negative_recovery__position_overshoot_m"":0.0,""pitch_positive_recovery__pitch_negative_recovery__tail_path_length_m"":0.0,""pitch_positive_recovery__pitch_negative_recovery__tail_rms_horizontal_velocity_m_s"":0.0,""pitch_positive_recovery__pitch_negative_recovery__tail_rms_pitch_deg"":0.0,""pitch_positive_recovery__pitch_negative_recovery__tail_rms_pitch_rate_deg_s"":0.0,""pitch_positive_recovery__pitch_negative_recovery__vane_command_rms_deg"":0.0}",4
stage3_local,0.0435,gain=0.04350000,7,False,,0.6446143562170031,0.38837284264166627,0.8542665036877333,0.677370760939178,0.4422480104208966,0.5793521138332469,20.544024768452594,0.0009814632011650845,0.02983172044543969,0.0,0.0,0.0,0.17857142857142858,4.732142857142857,0.0,0.0,0.02999999999999936,0.27999999999999403,"{""backward_1m"":0.677370760939178,""forward_1m"":0.677370760939178,""loiter_negative_disturbance"":0.368317273697058,""loiter_positive_disturbance"":0.368317273697058,""pitch_negative_recovery"":0.25891522842777753,""pitch_positive_recovery"":0.25891522842777753,""stick_release"":0.486529546818249}","{""forward_1m__backward_1m__final_abs_position_error_m"":0.0,""forward_1m__backward_1m__moving_mass_rms_displacement_m"":0.0,""forward_1m__backward_1m__position_overshoot_m"":0.0,""forward_1m__backward_1m__tail_path_length_m"":0.0,""forward_1m__backward_1m__tail_rms_horizontal_velocity_m_s"":0.0,""forward_1m__backward_1m__tail_rms_pitch_deg"":0.0,""forward_1m__backward_1m__tail_rms_pitch_rate_deg_s"":0.0,""forward_1m__backward_1m__vane_command_rms_deg"":0.0,""loiter_positive_disturbance__loiter_negative_disturbance__final_abs_position_error_m"":0.0,""loiter_positive_disturbance__loiter_negative_disturbance__moving_mass_rms_displacement_m"":0.0,""loiter_positive_disturbance__loiter_negative_disturbance__position_overshoot_m"":0.0,""loiter_positive_disturbance__loiter_negative_disturbance__tail_path_length_m"":0.0,""loiter_positive_disturbance__loiter_negative_disturbance__tail_rms_horizontal_velocity_m_s"":0.0,""loiter_positive_disturbance__loiter_negative_disturbance__tail_rms_pitch_deg"":0.0,""loiter_positive_disturbance__loiter_negative_disturbance__tail_rms_pitch_rate_deg_s"":0.0,""loiter_positive_disturbance__loiter_negative_disturbance__vane_command_rms_deg"":0.0,""pitch_positive_recovery__pitch_negative_recovery__final_abs_position_error_m"":0.0,""pitch_positive_recovery__pitch_negative_recovery__moving_mass_rms_displacement_m"":0.0,""pitch_positive_recovery__pitch_negative_recovery__position_overshoot_m"":0.0,""pitch_positive_recovery__pitch_negative_recovery__tail_path_length_m"":0.0,""pitch_positive_recovery__pitch_negative_recovery__tail_rms_horizontal_velocity_m_s"":0.0,""pitch_positive_recovery__pitch_negative_recovery__tail_rms_pitch_deg"":0.0,""pitch_positive_recovery__pitch_negative_recovery__tail_rms_pitch_rate_deg_s"":0.0,""pitch_positive_recovery__pitch_negative_recovery__vane_command_rms_deg"":0.0}",5
stage3_local,0.045,gain=0.04500000,7,False,,0.6688585407275436,0.5389802182846581,0.7751226227262681,0.5469503295641454,0.4609825115381697,0.5829696426603963,20.671351753002295,0.0010099097878908904,0.030771802061914478,0.0,0.0,0.0,0.17857142857142858,4.916666666666666,0.0,0.0,0.02999999999999936,0.3949999999999916,"{""backward_1m"":0.5469503295641454,""forward_1m"":0.5469503295641454,""loiter_negative_disturbance"":0.4700227312959762,""loiter_positive_disturbance"":0.4700227312959762,""pitch_negative_recovery"":0.3593201455231054,""pitch_positive_recovery"":0.3593201455231054,""stick_release"":0.47429116800073445}","{""forward_1m__backward_1m__final_abs_position_error_m"":0.0,""forward_1m__backward_1m__moving_mass_rms_displacement_m"":0.0,""forward_1m__backward_1m__position_overshoot_m"":0.0,""forward_1m__backward_1m__tail_path_length_m"":0.0,""forward_1m__backward_1m__tail_rms_horizontal_velocity_m_s"":0.0,""forward_1m__backward_1m__tail_rms_pitch_deg"":0.0,""forward_1m__backward_1m__tail_rms_pitch_rate_deg_s"":0.0,""forward_1m__backward_1m__vane_command_rms_deg"":0.0,""loiter_positive_disturbance__loiter_negative_disturbance__final_abs_position_error_m"":0.0,""loiter_positive_disturbance__loiter_negative_disturbance__moving_mass_rms_displacement_m"":0.0,""loiter_positive_disturbance__loiter_negative_disturbance__position_overshoot_m"":0.0,""loiter_positive_disturbance__loiter_negative_disturbance__tail_path_length_m"":0.0,""loiter_positive_disturbance__loiter_negative_disturbance__tail_rms_horizontal_velocity_m_s"":0.0,""loiter_positive_disturbance__loiter_negative_disturbance__tail_rms_pitch_deg"":0.0,""loiter_positive_disturbance__loiter_negative_disturbance__tail_rms_pitch_rate_deg_s"":0.0,""loiter_positive_disturbance__loiter_negative_disturbance__vane_command_rms_deg"":0.0,""pitch_positive_recovery__pitch_negative_recovery__final_abs_position_error_m"":0.0,""pitch_positive_recovery__pitch_negative_recovery__moving_mass_rms_displacement_m"":0.0,""pitch_positive_recovery__pitch_negative_recovery__position_overshoot_m"":0.0,""pitch_positive_recovery__pitch_negative_recovery__tail_path_length_m"":0.0,""pitch_positive_recovery__pitch_negative_recovery__tail_rms_horizontal_velocity_m_s"":0.0,""pitch_positive_recovery__pitch_negative_recovery__tail_rms_pitch_deg"":0.0,""pitch_positive_recovery__pitch_negative_recovery__tail_rms_pitch_rate_deg_s"":0.0,""pitch_positive_recovery__pitch_negative_recovery__vane_command_rms_deg"":0.0}",6
stage3_local,0.044,gain=0.04400000,7,False,,0.6703156206767755,0.6236813799014648,0.7084709085838479,0.49944204118757884,0.446474944736035,0.5823405185390138,20.63618154505024,0.0009956655963390465,0.0303181465227487,0.0,0.0,0.0,0.17857142857142858,4.863095238095238,0.0,0.0,0.02999999999999936,0.3949999999999916,"{""backward_1m"":0.4467868965220963,""forward_1m"":0.4467868965220963,""loiter_negative_disturbance"":0.45036680285926034,""loiter_positive_disturbance"":0.45036680285926034,""pitch_negative_recovery"":0.41578758660097653,""pitch_positive_recovery"":0.41578758660097653,""stick_release"":0.49944204118757884}","{""forward_1m__backward_1m__final_abs_position_error_m"":0.0,""forward_1m__backward_1m__moving_mass_rms_displacement_m"":0.0,""forward_1m__backward_1m__position_overshoot_m"":0.0,""forward_1m__backward_1m__tail_path_length_m"":0.0,""forward_1m__backward_1m__tail_rms_horizontal_velocity_m_s"":0.0,""forward_1m__backward_1m__tail_rms_pitch_deg"":0.0,""forward_1m__backward_1m__tail_rms_pitch_rate_deg_s"":0.0,""forward_1m__backward_1m__vane_command_rms_deg"":0.0,""loiter_positive_disturbance__loiter_negative_disturbance__final_abs_position_error_m"":0.0,""loiter_positive_disturbance__loiter_negative_disturbance__moving_mass_rms_displacement_m"":0.0,""loiter_positive_disturbance__loiter_negative_disturbance__position_overshoot_m"":0.0,""loiter_positive_disturbance__loiter_negative_disturbance__tail_path_length_m"":0.0,""loiter_positive_disturbance__loiter_negative_disturbance__tail_rms_horizontal_velocity_m_s"":0.0,""loiter_positive_disturbance__loiter_negative_disturbance__tail_rms_pitch_deg"":0.0,""loiter_positive_disturbance__loiter_negative_disturbance__tail_rms_pitch_rate_deg_s"":0.0,""loiter_positive_disturbance__loiter_negative_disturbance__vane_command_rms_deg"":0.0,""pitch_positive_recovery__pitch_negative_recovery__final_abs_position_error_m"":0.0,""pitch_positive_recovery__pitch_negative_recovery__moving_mass_rms_displacement_m"":0.0,""pitch_positive_recovery__pitch_negative_recovery__position_overshoot_m"":0.0,""pitch_positive_recovery__pitch_negative_recovery__tail_path_length_m"":0.0,""pitch_positive_recovery__pitch_negative_recovery__tail_rms_horizontal_velocity_m_s"":0.0,""pitch_positive_recovery__pitch_negative_recovery__tail_rms_pitch_deg"":0.0,""pitch_positive_recovery__pitch_negative_recovery__tail_rms_pitch_rate_deg_s"":0.0,""pitch_positive_recovery__pitch_negative_recovery__vane_command_rms_deg"":0.0}",7
stage3_local,0.039,gain=0.03900000,7,False,,0.7008608053782015,0.6192436907005141,0.7676384446599458,0.5848813225992601,0.4573781672955616,0.5748866344285414,20.364783950361094,0.0008650186619533935,0.026786374606365255,0.0,0.0,0.0,0.17857142857142858,4.577380952380953,0.0,0.0,0.02999999999999936,0.20999999999999552,"{""backward_1m"":0.5848813225992601,""forward_1m"":0.5848813225992601,""loiter_negative_disturbance"":0.35040553461532303,""loiter_positive_disturbance"":0.35040553461532303,""pitch_negative_recovery"":0.41282912713367603,""pitch_positive_recovery"":0.41282912713367603,""stick_release"":0.505415202372413}","{""forward_1m__backward_1m__final_abs_position_error_m"":0.0,""forward_1m__backward_1m__moving_mass_rms_displacement_m"":0.0,""forward_1m__backward_1m__position_overshoot_m"":0.0,""forward_1m__backward_1m__tail_path_length_m"":0.0,""forward_1m__backward_1m__tail_rms_horizontal_velocity_m_s"":0.0,""forward_1m__backward_1m__tail_rms_pitch_deg"":0.0,""forward_1m__backward_1m__tail_rms_pitch_rate_deg_s"":0.0,""forward_1m__backward_1m__vane_command_rms_deg"":0.0,""loiter_positive_disturbance__loiter_negative_disturbance__final_abs_position_error_m"":0.0,""loiter_positive_disturbance__loiter_negative_disturbance__moving_mass_rms_displacement_m"":0.0,""loiter_positive_disturbance__loiter_negative_disturbance__position_overshoot_m"":0.0,""loiter_positive_disturbance__loiter_negative_disturbance__tail_path_length_m"":0.0,""loiter_positive_disturbance__loiter_negative_disturbance__tail_rms_horizontal_velocity_m_s"":0.0,""loiter_positive_disturbance__loiter_negative_disturbance__tail_rms_pitch_deg"":0.0,""loiter_positive_disturbance__loiter_negative_disturbance__tail_rms_pitch_rate_deg_s"":0.0,""loiter_positive_disturbance__loiter_negative_disturbance__vane_command_rms_deg"":0.0,""pitch_positive_recovery__pitch_negative_recovery__final_abs_position_error_m"":0.0,""pitch_positive_recovery__pitch_negative_recovery__moving_mass_rms_displacement_m"":0.0,""pitch_positive_recovery__pitch_negative_recovery__position_overshoot_m"":0.0,""pitch_positive_recovery__pitch_negative_recovery__tail_path_length_m"":0.0,""pitch_positive_recovery__pitch_negative_recovery__tail_rms_horizontal_velocity_m_s"":0.0,""pitch_positive_recovery__pitch_negative_recovery__tail_rms_pitch_deg"":0.0,""pitch_positive_recovery__pitch_negative_recovery__tail_rms_pitch_rate_deg_s"":0.0,""pitch_positive_recovery__pitch_negative_recovery__vane_command_rms_deg"":0.0}",8
stage3_local,0.0445,gain=0.04450000,7,False,,0.7717459212760709,0.6180369771044032,0.8975077846892534,0.7182606279790632,0.5022766651863543,0.5808046122766436,20.61643764666163,0.0010048204119096934,0.030482718865918763,0.0,0.0,0.0,0.17857142857142858,4.875,0.0,0.0,0.02999999999999936,0.3949999999999916,"{""backward_1m"":0.7182606279790632,""forward_1m"":0.7182606279790632,""loiter_negative_disturbance"":0.3774075259318659,""loiter_positive_disturbance"":0.3774075259318659,""pitch_negative_recovery"":0.4120246514029355,""pitch_positive_recovery"":0.4120246514029355,""stick_release"":0.5005510456767506}","{""forward_1m__backward_1m__final_abs_position_error_m"":0.0,""forward_1m__backward_1m__moving_mass_rms_displacement_m"":0.0,""forward_1m__backward_1m__position_overshoot_m"":0.0,""forward_1m__backward_1m__tail_path_length_m"":0.0,""forward_1m__backward_1m__tail_rms_horizontal_velocity_m_s"":0.0,""forward_1m__backward_1m__tail_rms_pitch_deg"":0.0,""forward_1m__backward_1m__tail_rms_pitch_rate_deg_s"":0.0,""forward_1m__backward_1m__vane_command_rms_deg"":0.0,""loiter_positive_disturbance__loiter_negative_disturbance__final_abs_position_error_m"":0.0,""loiter_positive_disturbance__loiter_negative_disturbance__moving_mass_rms_displacement_m"":0.0,""loiter_positive_disturbance__loiter_negative_disturbance__position_overshoot_m"":0.0,""loiter_positive_disturbance__loiter_negative_disturbance__tail_path_length_m"":0.0,""loiter_positive_disturbance__loiter_negative_disturbance__tail_rms_horizontal_velocity_m_s"":0.0,""loiter_positive_disturbance__loiter_negative_disturbance__tail_rms_pitch_deg"":0.0,""loiter_positive_disturbance__loiter_negative_disturbance__tail_rms_pitch_rate_deg_s"":0.0,""loiter_positive_disturbance__loiter_negative_disturbance__vane_command_rms_deg"":0.0,""pitch_positive_recovery__pitch_negative_recovery__final_abs_position_error_m"":0.0,""pitch_positive_recovery__pitch_negative_recovery__moving_mass_rms_displacement_m"":0.0,""pitch_positive_recovery__pitch_negative_recovery__position_overshoot_m"":0.0,""pitch_positive_recovery__pitch_negative_recovery__tail_path_length_m"":0.0,""pitch_positive_recovery__pitch_negative_recovery__tail_rms_horizontal_velocity_m_s"":0.0,""pitch_positive_recovery__pitch_negative_recovery__tail_rms_pitch_deg"":0.0,""pitch_positive_recovery__pitch_negative_recovery__tail_rms_pitch_rate_deg_s"":0.0,""pitch_positive_recovery__pitch_negative_recovery__vane_command_rms_deg"":0.0}",9
stage3_local,0.04,gain=0.04000000,7,False,,0.8313096468709749,0.50070118262986,1.1018074812500687,0.9412516624258085,0.5462156895750908,0.5782834299435242,20.33680183680493,0.0009063263727419075,0.027300113650715264,0.0,0.0,0.0,0.17857142857142858,4.553571428571429,0.0,0.0,0.02999999999999936,0.27999999999999403,"{""backward_1m"":0.9412516624258085,""forward_1m"":0.9412516624258085,""loiter_negative_disturbance"":0.35664399805811914,""loiter_positive_disturbance"":0.35664399805811914,""pitch_negative_recovery"":0.3338007884199066,""pitch_positive_recovery"":0.3338007884199066,""stick_release"":0.5601169292179669}","{""forward_1m__backward_1m__final_abs_position_error_m"":0.0,""forward_1m__backward_1m__moving_mass_rms_displacement_m"":0.0,""forward_1m__backward_1m__position_overshoot_m"":0.0,""forward_1m__backward_1m__tail_path_length_m"":0.0,""forward_1m__backward_1m__tail_rms_horizontal_velocity_m_s"":0.0,""forward_1m__backward_1m__tail_rms_pitch_deg"":0.0,""forward_1m__backward_1m__tail_rms_pitch_rate_deg_s"":0.0,""forward_1m__backward_1m__vane_command_rms_deg"":0.0,""loiter_positive_disturbance__loiter_negative_disturbance__final_abs_position_error_m"":0.0,""loiter_positive_disturbance__loiter_negative_disturbance__moving_mass_rms_displacement_m"":0.0,""loiter_positive_disturbance__loiter_negative_disturbance__position_overshoot_m"":0.0,""loiter_positive_disturbance__loiter_negative_disturbance__tail_path_length_m"":0.0,""loiter_positive_disturbance__loiter_negative_disturbance__tail_rms_horizontal_velocity_m_s"":0.0,""loiter_positive_disturbance__loiter_negative_disturbance__tail_rms_pitch_deg"":0.0,""loiter_positive_disturbance__loiter_negative_disturbance__tail_rms_pitch_rate_deg_s"":0.0,""loiter_positive_disturbance__loiter_negative_disturbance__vane_command_rms_deg"":0.0,""pitch_positive_recovery__pitch_negative_recovery__final_abs_position_error_m"":0.0,""pitch_positive_recovery__pitch_negative_recovery__moving_mass_rms_displacement_m"":0.0,""pitch_positive_recovery__pitch_negative_recovery__position_overshoot_m"":0.0,""pitch_positive_recovery__pitch_negative_recovery__tail_path_length_m"":0.0,""pitch_positive_recovery__pitch_negative_recovery__tail_rms_horizontal_velocity_m_s"":0.0,""pitch_positive_recovery__pitch_negative_recovery__tail_rms_pitch_deg"":0.0,""pitch_positive_recovery__pitch_negative_recovery__tail_rms_pitch_rate_deg_s"":0.0,""pitch_positive_recovery__pitch_negative_recovery__vane_command_rms_deg"":0.0}",10
stage3_local,0.0465,gain=0.04650000,7,False,,0.8358381670067518,0.6328312432732662,1.0019347409705128,0.7664951043885639,0.5624587049874537,0.589374367801606,20.98889180197899,0.0010690494780596323,0.03254829761325803,0.0,0.0,0.0,0.17857142857142858,5.0178571428571415,0.0,0.0,0.02999999999999936,0.24499999999999478,"{""backward_1m"":0.7409110832779975,""forward_1m"":0.7409110832779975,""loiter_negative_disturbance"":0.4225593364682975,""loiter_positive_disturbance"":0.4225593364682975,""pitch_negative_recovery"":0.4218874955155108,""pitch_positive_recovery"":0.4218874955155108,""stick_release"":0.7664951043885639}","{""forward_1m__backward_1m__final_abs_position_error_m"":0.0,""forward_1m__backward_1m__moving_mass_rms_displacement_m"":0.0,""forward_1m__backward_1m__position_overshoot_m"":0.0,""forward_1m__backward_1m__tail_path_length_m"":0.0,""forward_1m__backward_1m__tail_rms_horizontal_velocity_m_s"":0.0,""forward_1m__backward_1m__tail_rms_pitch_deg"":0.0,""forward_1m__backward_1m__tail_rms_pitch_rate_deg_s"":0.0,""forward_1m__backward_1m__vane_command_rms_deg"":0.0,""loiter_positive_disturbance__loiter_negative_disturbance__final_abs_position_error_m"":0.0,""loiter_positive_disturbance__loiter_negative_disturbance__moving_mass_rms_displacement_m"":0.0,""loiter_positive_disturbance__loiter_negative_disturbance__position_overshoot_m"":0.0,""loiter_positive_disturbance__loiter_negative_disturbance__tail_path_length_m"":0.0,""loiter_positive_disturbance__loiter_negative_disturbance__tail_rms_horizontal_velocity_m_s"":0.0,""loiter_positive_disturbance__loiter_negative_disturbance__tail_rms_pitch_deg"":0.0,""loiter_positive_disturbance__loiter_negative_disturbance__tail_rms_pitch_rate_deg_s"":0.0,""loiter_positive_disturbance__loiter_negative_disturbance__vane_command_rms_deg"":0.0,""pitch_positive_recovery__pitch_negative_recovery__final_abs_position_error_m"":0.0,""pitch_positive_recovery__pitch_negative_recovery__moving_mass_rms_displacement_m"":0.0,""pitch_positive_recovery__pitch_negative_recovery__position_overshoot_m"":0.0,""pitch_positive_recovery__pitch_negative_recovery__tail_path_length_m"":0.0,""pitch_positive_recovery__pitch_negative_recovery__tail_rms_horizontal_velocity_m_s"":0.0,""pitch_positive_recovery__pitch_negative_recovery__tail_rms_pitch_deg"":0.0,""pitch_positive_recovery__pitch_negative_recovery__tail_rms_pitch_rate_deg_s"":0.0,""pitch_positive_recovery__pitch_negative_recovery__vane_command_rms_deg"":0.0}",11
stage3_local,0.041,gain=0.04100000,7,False,,0.9312399109081485,0.8528597750008047,0.9953691130141571,0.8587387293624401,0.5667350154760606,0.5774392314261473,20.46285225768139,0.000927350374024822,0.028250400821643935,0.0,0.0,0.0,0.17857142857142858,4.690476190476191,0.0,0.0,0.02999999999999936,0.2299999999999951,"{""backward_1m"":0.8587387293624401,""forward_1m"":0.8587387293624401,""loiter_negative_disturbance"":0.3262434980279614,""loiter_positive_disturbance"":0.3262434980279614,""pitch_negative_recovery"":0.5685731833338697,""pitch_positive_recovery"":0.5685731833338697,""stick_release"":0.46003428688388237}","{""forward_1m__backward_1m__final_abs_position_error_m"":0.0,""forward_1m__backward_1m__moving_mass_rms_displacement_m"":0.0,""forward_1m__backward_1m__position_overshoot_m"":0.0,""forward_1m__backward_1m__tail_path_length_m"":0.0,""forward_1m__backward_1m__tail_rms_horizontal_velocity_m_s"":0.0,""forward_1m__backward_1m__tail_rms_pitch_deg"":0.0,""forward_1m__backward_1m__tail_rms_pitch_rate_deg_s"":0.0,""forward_1m__backward_1m__vane_command_rms_deg"":0.0,""loiter_positive_disturbance__loiter_negative_disturbance__final_abs_position_error_m"":0.0,""loiter_positive_disturbance__loiter_negative_disturbance__moving_mass_rms_displacement_m"":0.0,""loiter_positive_disturbance__loiter_negative_disturbance__position_overshoot_m"":0.0,""loiter_positive_disturbance__loiter_negative_disturbance__tail_path_length_m"":0.0,""loiter_positive_disturbance__loiter_negative_disturbance__tail_rms_horizontal_velocity_m_s"":0.0,""loiter_positive_disturbance__loiter_negative_disturbance__tail_rms_pitch_deg"":0.0,""loiter_positive_disturbance__loiter_negative_disturbance__tail_rms_pitch_rate_deg_s"":0.0,""loiter_positive_disturbance__loiter_negative_disturbance__vane_command_rms_deg"":0.0,""pitch_positive_recovery__pitch_negative_recovery__final_abs_position_error_m"":0.0,""pitch_positive_recovery__pitch_negative_recovery__moving_mass_rms_displacement_m"":0.0,""pitch_positive_recovery__pitch_negative_recovery__position_overshoot_m"":0.0,""pitch_positive_recovery__pitch_negative_recovery__tail_path_length_m"":0.0,""pitch_positive_recovery__pitch_negative_recovery__tail_rms_horizontal_velocity_m_s"":0.0,""pitch_positive_recovery__pitch_negative_recovery__tail_rms_pitch_deg"":0.0,""pitch_positive_recovery__pitch_negative_recovery__tail_rms_pitch_rate_deg_s"":0.0,""pitch_positive_recovery__pitch_negative_recovery__vane_command_rms_deg"":0.0}",12
stage3_local,0.043,gain=0.04300000,7,False,,0.9324308463730193,0.9678601613048489,0.9034432250651587,0.7982382758563115,0.5445858072511639,0.5873673558101359,20.583970528427255,0.0009904295593108827,0.029675421288410695,0.0,0.0,0.0,0.17857142857142858,4.821428571428571,0.0,0.0,0.02999999999999936,0.27999999999999403,"{""backward_1m"":0.41147000786431304,""forward_1m"":0.41147000786431304,""loiter_negative_disturbance"":0.45022107205003875,""loiter_positive_disturbance"":0.45022107205003875,""pitch_negative_recovery"":0.6452401075365659,""pitch_positive_recovery"":0.6452401075365659,""stick_release"":0.7982382758563115}","{""forward_1m__backward_1m__final_abs_position_error_m"":0.0,""forward_1m__backward_1m__moving_mass_rms_displacement_m"":0.0,""forward_1m__backward_1m__position_overshoot_m"":0.0,""forward_1m__backward_1m__tail_path_length_m"":0.0,""forward_1m__backward_1m__tail_rms_horizontal_velocity_m_s"":0.0,""forward_1m__backward_1m__tail_rms_pitch_deg"":0.0,""forward_1m__backward_1m__tail_rms_pitch_rate_deg_s"":0.0,""forward_1m__backward_1m__vane_command_rms_deg"":0.0,""loiter_positive_disturbance__loiter_negative_disturbance__final_abs_position_error_m"":0.0,""loiter_positive_disturbance__loiter_negative_disturbance__moving_mass_rms_displacement_m"":0.0,""loiter_positive_disturbance__loiter_negative_disturbance__position_overshoot_m"":0.0,""loiter_positive_disturbance__loiter_negative_disturbance__tail_path_length_m"":0.0,""loiter_positive_disturbance__loiter_negative_disturbance__tail_rms_horizontal_velocity_m_s"":0.0,""loiter_positive_disturbance__loiter_negative_disturbance__tail_rms_pitch_deg"":0.0,""loiter_positive_disturbance__loiter_negative_disturbance__tail_rms_pitch_rate_deg_s"":0.0,""loiter_positive_disturbance__loiter_negative_disturbance__vane_command_rms_deg"":0.0,""pitch_positive_recovery__pitch_negative_recovery__final_abs_position_error_m"":0.0,""pitch_positive_recovery__pitch_negative_recovery__moving_mass_rms_displacement_m"":0.0,""pitch_positive_recovery__pitch_negative_recovery__position_overshoot_m"":0.0,""pitch_positive_recovery__pitch_negative_recovery__tail_path_length_m"":0.0,""pitch_positive_recovery__pitch_negative_recovery__tail_rms_horizontal_velocity_m_s"":0.0,""pitch_positive_recovery__pitch_negative_recovery__tail_rms_pitch_deg"":0.0,""pitch_positive_recovery__pitch_negative_recovery__tail_rms_pitch_rate_deg_s"":0.0,""pitch_positive_recovery__pitch_negative_recovery__vane_command_rms_deg"":0.0}",13
stage3_local,0.0455,gain=0.04550000,7,False,,0.9388837487671444,0.8423517473468616,1.0178644772019212,0.754440922389699,0.6180508204520725,0.5924697337629503,20.723034820736164,0.0010501039314168741,0.03111930378650691,0.0,0.0,0.0,0.17857142857142858,5.136904761904762,0.0,0.0,0.02999999999999936,0.23999999999999488,"{""backward_1m"":0.6946223084353073,""forward_1m"":0.6946223084353073,""loiter_negative_disturbance"":0.5297672703875226,""loiter_positive_disturbance"":0.5297672703875226,""pitch_negative_recovery"":0.5615678315645743,""pitch_positive_recovery"":0.5615678315645743,""stick_release"":0.754440922389699}","{""forward_1m__backward_1m__final_abs_position_error_m"":0.0,""forward_1m__backward_1m__moving_mass_rms_displacement_m"":0.0,""forward_1m__backward_1m__position_overshoot_m"":0.0,""forward_1m__backward_1m__tail_path_length_m"":0.0,""forward_1m__backward_1m__tail_rms_horizontal_velocity_m_s"":0.0,""forward_1m__backward_1m__tail_rms_pitch_deg"":0.0,""forward_1m__backward_1m__tail_rms_pitch_rate_deg_s"":0.0,""forward_1m__backward_1m__vane_command_rms_deg"":0.0,""loiter_positive_disturbance__loiter_negative_disturbance__final_abs_position_error_m"":0.0,""loiter_positive_disturbance__loiter_negative_disturbance__moving_mass_rms_displacement_m"":0.0,""loiter_positive_disturbance__loiter_negative_disturbance__position_overshoot_m"":0.0,""loiter_positive_disturbance__loiter_negative_disturbance__tail_path_length_m"":0.0,""loiter_positive_disturbance__loiter_negative_disturbance__tail_rms_horizontal_velocity_m_s"":0.0,""loiter_positive_disturbance__loiter_negative_disturbance__tail_rms_pitch_deg"":0.0,""loiter_positive_disturbance__loiter_negative_disturbance__tail_rms_pitch_rate_deg_s"":0.0,""loiter_positive_disturbance__loiter_negative_disturbance__vane_command_rms_deg"":0.0,""pitch_positive_recovery__pitch_negative_recovery__final_abs_position_error_m"":0.0,""pitch_positive_recovery__pitch_negative_recovery__moving_mass_rms_displacement_m"":0.0,""pitch_positive_recovery__pitch_negative_recovery__position_overshoot_m"":0.0,""pitch_positive_recovery__pitch_negative_recovery__tail_path_length_m"":0.0,""pitch_positive_recovery__pitch_negative_recovery__tail_rms_horizontal_velocity_m_s"":0.0,""pitch_positive_recovery__pitch_negative_recovery__tail_rms_pitch_deg"":0.0,""pitch_positive_recovery__pitch_negative_recovery__tail_rms_pitch_rate_deg_s"":0.0,""pitch_positive_recovery__pitch_negative_recovery__vane_command_rms_deg"":0.0}",14
stage3_local,0.0395,gain=0.03950000,7,False,,0.9499992507473393,0.8490403684162179,1.0326019726546203,0.8790944154160646,0.5853325213268423,0.578571430444249,20.40939105277104,0.0008945845692314124,0.02721957753800569,0.0,0.0,0.0,0.17857142857142858,4.440476190476191,0.0,0.0,0.02999999999999936,0.21499999999999542,"{""backward_1m"":0.8790944154160646,""forward_1m"":0.8790944154160646,""loiter_negative_disturbance"":0.3637816127078794,""loiter_positive_disturbance"":0.3637816127078794,""pitch_negative_recovery"":0.5660269122774786,""pitch_positive_recovery"":0.5660269122774786,""stick_release"":0.4795217684850517}","{""forward_1m__backward_1m__final_abs_position_error_m"":0.0,""forward_1m__backward_1m__moving_mass_rms_displacement_m"":0.0,""forward_1m__backward_1m__position_overshoot_m"":0.0,""forward_1m__backward_1m__tail_path_length_m"":0.0,""forward_1m__backward_1m__tail_rms_horizontal_velocity_m_s"":0.0,""forward_1m__backward_1m__tail_rms_pitch_deg"":0.0,""forward_1m__backward_1m__tail_rms_pitch_rate_deg_s"":0.0,""forward_1m__backward_1m__vane_command_rms_deg"":0.0,""loiter_positive_disturbance__loiter_negative_disturbance__final_abs_position_error_m"":0.0,""loiter_positive_disturbance__loiter_negative_disturbance__moving_mass_rms_displacement_m"":0.0,""loiter_positive_disturbance__loiter_negative_disturbance__position_overshoot_m"":0.0,""loiter_positive_disturbance__loiter_negative_disturbance__tail_path_length_m"":0.0,""loiter_positive_disturbance__loiter_negative_disturbance__tail_rms_horizontal_velocity_m_s"":0.0,""loiter_positive_disturbance__loiter_negative_disturbance__tail_rms_pitch_deg"":0.0,""loiter_positive_disturbance__loiter_negative_disturbance__tail_rms_pitch_rate_deg_s"":0.0,""loiter_positive_disturbance__loiter_negative_disturbance__vane_command_rms_deg"":0.0,""pitch_positive_recovery__pitch_negative_recovery__final_abs_position_error_m"":0.0,""pitch_positive_recovery__pitch_negative_recovery__moving_mass_rms_displacement_m"":0.0,""pitch_positive_recovery__pitch_negative_recovery__position_overshoot_m"":0.0,""pitch_positive_recovery__pitch_negative_recovery__tail_path_length_m"":0.0,""pitch_positive_recovery__pitch_negative_recovery__tail_rms_horizontal_velocity_m_s"":0.0,""pitch_positive_recovery__pitch_negative_recovery__tail_rms_pitch_deg"":0.0,""pitch_positive_recovery__pitch_negative_recovery__tail_rms_pitch_rate_deg_s"":0.0,""pitch_positive_recovery__pitch_negative_recovery__vane_command_rms_deg"":0.0}",15
stage3_local,0.042,gain=0.04200000,7,False,,0.9685280679664254,0.899300778581214,1.0251685774634163,0.8808724708161368,0.5889613450073845,0.5792213324566414,20.525309188801405,0.0009511866495355706,0.028882934113066642,0.0,0.0,0.0,0.17857142857142858,4.898809523809524,0.0,0.0,0.02999999999999936,0.2249999999999952,"{""backward_1m"":0.8808724708161368,""forward_1m"":0.8808724708161368,""loiter_negative_disturbance"":0.3551211277565989,""loiter_positive_disturbance"":0.3551211277565989,""pitch_negative_recovery"":0.599533852387476,""pitch_positive_recovery"":0.599533852387476,""stick_release"":0.45167451313126766}","{""forward_1m__backward_1m__final_abs_position_error_m"":0.0,""forward_1m__backward_1m__moving_mass_rms_displacement_m"":0.0,""forward_1m__backward_1m__position_overshoot_m"":0.0,""forward_1m__backward_1m__tail_path_length_m"":0.0,""forward_1m__backward_1m__tail_rms_horizontal_velocity_m_s"":0.0,""forward_1m__backward_1m__tail_rms_pitch_deg"":0.0,""forward_1m__backward_1m__tail_rms_pitch_rate_deg_s"":0.0,""forward_1m__backward_1m__vane_command_rms_deg"":0.0,""loiter_positive_disturbance__loiter_negative_disturbance__final_abs_position_error_m"":0.0,""loiter_positive_disturbance__loiter_negative_disturbance__moving_mass_rms_displacement_m"":0.0,""loiter_positive_disturbance__loiter_negative_disturbance__position_overshoot_m"":0.0,""loiter_positive_disturbance__loiter_negative_disturbance__tail_path_length_m"":0.0,""loiter_positive_disturbance__loiter_negative_disturbance__tail_rms_horizontal_velocity_m_s"":0.0,""loiter_positive_disturbance__loiter_negative_disturbance__tail_rms_pitch_deg"":0.0,""loiter_positive_disturbance__loiter_negative_disturbance__tail_rms_pitch_rate_deg_s"":0.0,""loiter_positive_disturbance__loiter_negative_disturbance__vane_command_rms_deg"":0.0,""pitch_positive_recovery__pitch_negative_recovery__final_abs_position_error_m"":0.0,""pitch_positive_recovery__pitch_negative_recovery__moving_mass_rms_displacement_m"":0.0,""pitch_positive_recovery__pitch_negative_recovery__position_overshoot_m"":0.0,""pitch_positive_recovery__pitch_negative_recovery__tail_path_length_m"":0.0,""pitch_positive_recovery__pitch_negative_recovery__tail_rms_horizontal_velocity_m_s"":0.0,""pitch_positive_recovery__pitch_negative_recovery__tail_rms_pitch_deg"":0.0,""pitch_positive_recovery__pitch_negative_recovery__tail_rms_pitch_rate_deg_s"":0.0,""pitch_positive_recovery__pitch_negative_recovery__vane_command_rms_deg"":0.0}",16
stage3_local,0.0375,gain=0.03750000,7,False,,0.990114187197696,0.8308967580718836,1.1203829928460876,0.9084012417761826,0.634110600555118,0.5820238621281989,20.308352579412112,0.0008576574770892432,0.02579059223383672,0.0,0.0,0.0,0.17857142857142858,4.035714285714286,0.0,0.0,0.02999999999999936,0.20999999999999552,"{""backward_1m"":0.9084012417761826,""forward_1m"":0.9084012417761826,""loiter_negative_disturbance"":0.43188875745237165,""loiter_positive_disturbance"":0.43188875745237165,""pitch_negative_recovery"":0.5539311720479224,""pitch_positive_recovery"":0.5539311720479224,""stick_release"":0.6503318613328719}","{""forward_1m__backward_1m__final_abs_position_error_m"":0.0,""forward_1m__backward_1m__moving_mass_rms_displacement_m"":0.0,""forward_1m__backward_1m__position_overshoot_m"":0.0,""forward_1m__backward_1m__tail_path_length_m"":0.0,""forward_1m__backward_1m__tail_rms_horizontal_velocity_m_s"":0.0,""forward_1m__backward_1m__tail_rms_pitch_deg"":0.0,""forward_1m__backward_1m__tail_rms_pitch_rate_deg_s"":0.0,""forward_1m__backward_1m__vane_command_rms_deg"":0.0,""loiter_positive_disturbance__loiter_negative_disturbance__final_abs_position_error_m"":0.0,""loiter_positive_disturbance__loiter_negative_disturbance__moving_mass_rms_displacement_m"":0.0,""loiter_positive_disturbance__loiter_negative_disturbance__position_overshoot_m"":0.0,""loiter_positive_disturbance__loiter_negative_disturbance__tail_path_length_m"":0.0,""loiter_positive_disturbance__loiter_negative_disturbance__tail_rms_horizontal_velocity_m_s"":0.0,""loiter_positive_disturbance__loiter_negative_disturbance__tail_rms_pitch_deg"":0.0,""loiter_positive_disturbance__loiter_negative_disturbance__tail_rms_pitch_rate_deg_s"":0.0,""loiter_positive_disturbance__loiter_negative_disturbance__vane_command_rms_deg"":0.0,""pitch_positive_recovery__pitch_negative_recovery__final_abs_position_error_m"":0.0,""pitch_positive_recovery__pitch_negative_recovery__moving_mass_rms_displacement_m"":0.0,""pitch_positive_recovery__pitch_negative_recovery__position_overshoot_m"":0.0,""pitch_positive_recovery__pitch_negative_recovery__tail_path_length_m"":0.0,""pitch_positive_recovery__pitch_negative_recovery__tail_rms_horizontal_velocity_m_s"":0.0,""pitch_positive_recovery__pitch_negative_recovery__tail_rms_pitch_deg"":0.0,""pitch_positive_recovery__pitch_negative_recovery__tail_rms_pitch_rate_deg_s"":0.0,""pitch_positive_recovery__pitch_negative_recovery__vane_command_rms_deg"":0.0}",17
stage3_local,0.0385,gain=0.03850000,7,False,,1.108382871834267,1.134337171169577,1.0871475360144678,0.892496197075593,0.6738495355632559,0.5824742919925044,20.385555278941986,0.0008851410201995454,0.02661532428824465,0.0,0.0,0.0,0.17857142857142858,4.3273809523809526,0.0,0.0,0.02999999999999936,0.2199999999999953,"{""backward_1m"":0.892496197075593,""forward_1m"":0.892496197075593,""loiter_negative_disturbance"":0.4476919156769015,""loiter_positive_disturbance"":0.4476919156769015,""pitch_negative_recovery"":0.756224780779718,""pitch_positive_recovery"":0.756224780779718,""stick_release"":0.5241209618783665}","{""forward_1m__backward_1m__final_abs_position_error_m"":0.0,""forward_1m__backward_1m__moving_mass_rms_displacement_m"":0.0,""forward_1m__backward_1m__position_overshoot_m"":0.0,""forward_1m__backward_1m__tail_path_length_m"":0.0,""forward_1m__backward_1m__tail_rms_horizontal_velocity_m_s"":0.0,""forward_1m__backward_1m__tail_rms_pitch_deg"":0.0,""forward_1m__backward_1m__tail_rms_pitch_rate_deg_s"":0.0,""forward_1m__backward_1m__vane_command_rms_deg"":0.0,""loiter_positive_disturbance__loiter_negative_disturbance__final_abs_position_error_m"":0.0,""loiter_positive_disturbance__loiter_negative_disturbance__moving_mass_rms_displacement_m"":0.0,""loiter_positive_disturbance__loiter_negative_disturbance__position_overshoot_m"":0.0,""loiter_positive_disturbance__loiter_negative_disturbance__tail_path_length_m"":0.0,""loiter_positive_disturbance__loiter_negative_disturbance__tail_rms_horizontal_velocity_m_s"":0.0,""loiter_positive_disturbance__loiter_negative_disturbance__tail_rms_pitch_deg"":0.0,""loiter_positive_disturbance__loiter_negative_disturbance__tail_rms_pitch_rate_deg_s"":0.0,""loiter_positive_disturbance__loiter_negative_disturbance__vane_command_rms_deg"":0.0,""pitch_positive_recovery__pitch_negative_recovery__final_abs_position_error_m"":0.0,""pitch_positive_recovery__pitch_negative_recovery__moving_mass_rms_displacement_m"":0.0,""pitch_positive_recovery__pitch_negative_recovery__position_overshoot_m"":0.0,""pitch_positive_recovery__pitch_negative_recovery__tail_path_length_m"":0.0,""pitch_positive_recovery__pitch_negative_recovery__tail_rms_horizontal_velocity_m_s"":0.0,""pitch_positive_recovery__pitch_negative_recovery__tail_rms_pitch_deg"":0.0,""pitch_positive_recovery__pitch_negative_recovery__tail_rms_pitch_rate_deg_s"":0.0,""pitch_positive_recovery__pitch_negative_recovery__vane_command_rms_deg"":0.0}",18
stage3_local,0.046,gain=0.04600000,7,False,,1.1344692419093212,1.4804463998313842,0.8513970217912694,0.9869642665542562,0.6214502102821545,0.5833230600848479,20.92681261880616,0.0010335867589965186,0.03203491554581686,0.0,0.0,0.0,0.17857142857142858,5.017857142857143,0.0,0.0,0.02999999999999936,0.24499999999999478,"{""backward_1m"":0.4651553276003496,""forward_1m"":0.4651553276003496,""loiter_negative_disturbance"":0.3468037078149793,""loiter_positive_disturbance"":0.3468037078149793,""pitch_negative_recovery"":0.9869642665542562,""pitch_positive_recovery"":0.9869642665542562,""stick_release"":0.7523048680359112}","{""forward_1m__backward_1m__final_abs_position_error_m"":0.0,""forward_1m__backward_1m__moving_mass_rms_displacement_m"":0.0,""forward_1m__backward_1m__position_overshoot_m"":0.0,""forward_1m__backward_1m__tail_path_length_m"":0.0,""forward_1m__backward_1m__tail_rms_horizontal_velocity_m_s"":0.0,""forward_1m__backward_1m__tail_rms_pitch_deg"":0.0,""forward_1m__backward_1m__tail_rms_pitch_rate_deg_s"":0.0,""forward_1m__backward_1m__vane_command_rms_deg"":0.0,""loiter_positive_disturbance__loiter_negative_disturbance__final_abs_position_error_m"":0.0,""loiter_positive_disturbance__loiter_negative_disturbance__moving_mass_rms_displacement_m"":0.0,""loiter_positive_disturbance__loiter_negative_disturbance__position_overshoot_m"":0.0,""loiter_positive_disturbance__loiter_negative_disturbance__tail_path_length_m"":0.0,""loiter_positive_disturbance__loiter_negative_disturbance__tail_rms_horizontal_velocity_m_s"":0.0,""loiter_positive_disturbance__loiter_negative_disturbance__tail_rms_pitch_deg"":0.0,""loiter_positive_disturbance__loiter_negative_disturbance__tail_rms_pitch_rate_deg_s"":0.0,""loiter_positive_disturbance__loiter_negative_disturbance__vane_command_rms_deg"":0.0,""pitch_positive_recovery__pitch_negative_recovery__final_abs_position_error_m"":0.0,""pitch_positive_recovery__pitch_negative_recovery__moving_mass_rms_displacement_m"":0.0,""pitch_positive_recovery__pitch_negative_recovery__position_overshoot_m"":0.0,""pitch_positive_recovery__pitch_negative_recovery__tail_path_length_m"":0.0,""pitch_positive_recovery__pitch_negative_recovery__tail_rms_horizontal_velocity_m_s"":0.0,""pitch_positive_recovery__pitch_negative_recovery__tail_rms_pitch_deg"":0.0,""pitch_positive_recovery__pitch_negative_recovery__tail_rms_pitch_rate_deg_s"":0.0,""pitch_positive_recovery__pitch_negative_recovery__vane_command_rms_deg"":0.0}",19
stage3_local,0.047,gain=0.04700000,7,False,,1.1943412111126936,1.5781221537941956,0.8803386216460103,1.052081435862797,0.6552717528475885,0.5852311299414504,21.007800132188088,0.0010570596835107239,0.03273733127135597,0.0,0.0,0.0,0.17857142857142858,5.1607142857142865,0.0,0.0,0.02999999999999936,0.4449999999999905,"{""backward_1m"":0.5104644757151023,""forward_1m"":0.5104644757151023,""loiter_negative_disturbance"":0.3471144813841558,""loiter_positive_disturbance"":0.3471144813841558,""pitch_negative_recovery"":1.052081435862797,""pitch_positive_recovery"":1.052081435862797,""stick_release"":0.76758148400901}","{""forward_1m__backward_1m__final_abs_position_error_m"":0.0,""forward_1m__backward_1m__moving_mass_rms_displacement_m"":0.0,""forward_1m__backward_1m__position_overshoot_m"":0.0,""forward_1m__backward_1m__tail_path_length_m"":0.0,""forward_1m__backward_1m__tail_rms_horizontal_velocity_m_s"":0.0,""forward_1m__backward_1m__tail_rms_pitch_deg"":0.0,""forward_1m__backward_1m__tail_rms_pitch_rate_deg_s"":0.0,""forward_1m__backward_1m__vane_command_rms_deg"":0.0,""loiter_positive_disturbance__loiter_negative_disturbance__final_abs_position_error_m"":0.0,""loiter_positive_disturbance__loiter_negative_disturbance__moving_mass_rms_displacement_m"":0.0,""loiter_positive_disturbance__loiter_negative_disturbance__position_overshoot_m"":0.0,""loiter_positive_disturbance__loiter_negative_disturbance__tail_path_length_m"":0.0,""loiter_positive_disturbance__loiter_negative_disturbance__tail_rms_horizontal_velocity_m_s"":0.0,""loiter_positive_disturbance__loiter_negative_disturbance__tail_rms_pitch_deg"":0.0,""loiter_positive_disturbance__loiter_negative_disturbance__tail_rms_pitch_rate_deg_s"":0.0,""loiter_positive_disturbance__loiter_negative_disturbance__vane_command_rms_deg"":0.0,""pitch_positive_recovery__pitch_negative_recovery__final_abs_position_error_m"":0.0,""pitch_positive_recovery__pitch_negative_recovery__moving_mass_rms_displacement_m"":0.0,""pitch_positive_recovery__pitch_negative_recovery__position_overshoot_m"":0.0,""pitch_positive_recovery__pitch_negative_recovery__tail_path_length_m"":0.0,""pitch_positive_recovery__pitch_negative_recovery__tail_rms_horizontal_velocity_m_s"":0.0,""pitch_positive_recovery__pitch_negative_recovery__tail_rms_pitch_deg"":0.0,""pitch_positive_recovery__pitch_negative_recovery__tail_rms_pitch_rate_deg_s"":0.0,""pitch_positive_recovery__pitch_negative_recovery__vane_command_rms_deg"":0.0}",20
stage3_local,0.038,gain=0.03800000,7,False,,1.5771066292884133,1.8851004661932853,1.3251116718207907,1.2567336441288568,0.8789360778267287,0.5836287229521762,20.274789496037126,0.0008883247009560453,0.02602902494925822,0.0,0.0,0.0,0.17857142857142858,4.166666666666666,0.0,0.0,0.02999999999999936,0.21499999999999542,"{""backward_1m"":1.1945892410298262,""forward_1m"":1.1945892410298262,""loiter_negative_disturbance"":0.3790581007263014,""loiter_positive_disturbance"":0.3790581007263014,""pitch_negative_recovery"":1.2567336441288568,""pitch_positive_recovery"":1.2567336441288568,""stick_release"":0.49179057301713214}","{""forward_1m__backward_1m__final_abs_position_error_m"":0.0,""forward_1m__backward_1m__moving_mass_rms_displacement_m"":0.0,""forward_1m__backward_1m__position_overshoot_m"":0.0,""forward_1m__backward_1m__tail_path_length_m"":0.0,""forward_1m__backward_1m__tail_rms_horizontal_velocity_m_s"":0.0,""forward_1m__backward_1m__tail_rms_pitch_deg"":0.0,""forward_1m__backward_1m__tail_rms_pitch_rate_deg_s"":0.0,""forward_1m__backward_1m__vane_command_rms_deg"":0.0,""loiter_positive_disturbance__loiter_negative_disturbance__final_abs_position_error_m"":0.0,""loiter_positive_disturbance__loiter_negative_disturbance__moving_mass_rms_displacement_m"":0.0,""loiter_positive_disturbance__loiter_negative_disturbance__position_overshoot_m"":0.0,""loiter_positive_disturbance__loiter_negative_disturbance__tail_path_length_m"":0.0,""loiter_positive_disturbance__loiter_negative_disturbance__tail_rms_horizontal_velocity_m_s"":0.0,""loiter_positive_disturbance__loiter_negative_disturbance__tail_rms_pitch_deg"":0.0,""loiter_positive_disturbance__loiter_negative_disturbance__tail_rms_pitch_rate_deg_s"":0.0,""loiter_positive_disturbance__loiter_negative_disturbance__vane_command_rms_deg"":0.0,""pitch_positive_recovery__pitch_negative_recovery__final_abs_position_error_m"":0.0,""pitch_positive_recovery__pitch_negative_recovery__moving_mass_rms_displacement_m"":0.0,""pitch_positive_recovery__pitch_negative_recovery__position_overshoot_m"":0.0,""pitch_positive_recovery__pitch_negative_recovery__tail_path_length_m"":0.0,""pitch_positive_recovery__pitch_negative_recovery__tail_rms_horizontal_velocity_m_s"":0.0,""pitch_positive_recovery__pitch_negative_recovery__tail_rms_pitch_deg"":0.0,""pitch_positive_recovery__pitch_negative_recovery__tail_rms_pitch_rate_deg_s"":0.0,""pitch_positive_recovery__pitch_negative_recovery__vane_command_rms_deg"":0.0}",21
