key,value
base_sha,11ed20b5ec9bde37aa6b36ada6660e23180ab59b
workflow_fingerprint,ed7c32a50fe5899b144f5fef057a5862aaed9b52b7388384da8b04dc0ada4cf6
completed_search_fingerprint,e45d188a0aa495948528a01227abd437a9f112156587d8746c08e3cb55711c11
scenario_fingerprint,3626d7036371e47ece76c2af70ef9f14baf879debd4986f2d0e5b5023afb2c75
source_profile,params/loiter_transient_provisional.json
source_profile_sha256,c661d75e942485abbbec4ad895463374c44ab980f4cc298a5dbc9679cbdd41b9
candidate_counts,"{""stage1_rate_pd"":180,""stage2_angle_p"":57,""stage3a_local_rate_pd"":81,""stage3b_local_angle_p"":9,""stage3c_crosscheck"":120}"
actual_search_space,"{""stage1_rate_pd"":{""angle_p_values"":[10.0],""candidate_count"":180,""candidate_keys"":[""stage1_rate_pd:rate_p=0.05500000:rate_d=0.00600000:angle_p=10.00000000"",""stage1_rate_pd:rate_p=0.05500000:rate_d=0.00700000:angle_p=10.00000000"",""stage1_rate_pd:rate_p=0.05500000:rate_d=0.00800000:angle_p=10.00000000"",""stage1_rate_pd:rate_p=0.05500000:rate_d=0.00900000:angle_p=10.00000000"",""stage1_rate_pd:rate_p=0.05500000:rate_d=0.01000000:angle_p=10.00000000"",""stage1_rate_pd:rate_p=0.05500000:rate_d=0.01100000:angle_p=10.00000000"",""stage1_rate_pd:rate_p=0.05500000:rate_d=0.01200000:angle_p=10.00000000"",""stage1_rate_pd:rate_p=0.05500000:rate_d=0.01300000:angle_p=10.00000000"",""stage1_rate_pd:rate_p=0.05500000:rate_d=0.01400000:angle_p=10.00000000"",""stage1_rate_pd:rate_p=0.05500000:rate_d=0.01600000:angle_p=10.00000000"",""stage1_rate_pd:rate_p=0.05500000:rate_d=0.01800000:angle_p=10.00000000"",""stage1_rate_pd:rate_p=0.05500000:rate_d=0.02000000:angle_p=10.00000000"",""stage1_rate_pd:rate_p=0.05500000:rate_d=0.02200000:angle_p=10.00000000"",""stage1_rate_pd:rate_p=0.05500000:rate_d=0.02400000:angle_p=10.00000000"",""stage1_rate_pd:rate_p=0.05500000:rate_d=0.02600000:angle_p=10.00000000"",""stage1_rate_pd:rate_p=0.06000000:rate_d=0.00600000:angle_p=10.00000000"",""stage1_rate_pd:rate_p=0.06000000:rate_d=0.00700000:angle_p=10.00000000"",""stage1_rate_pd:rate_p=0.06000000:rate_d=0.00800000:angle_p=10.00000000"",""stage1_rate_pd:rate_p=0.06000000:rate_d=0.00900000:angle_p=10.00000000"",""stage1_rate_pd:rate_p=0.06000000:rate_d=0.01000000:angle_p=10.00000000"",""stage1_rate_pd:rate_p=0.06000000:rate_d=0.01100000:angle_p=10.00000000"",""stage1_rate_pd:rate_p=0.06000000:rate_d=0.01200000:angle_p=10.00000000"",""stage1_rate_pd:rate_p=0.06000000:rate_d=0.01300000:angle_p=10.00000000"",""stage1_rate_pd:rate_p=0.06000000:rate_d=0.01400000:angle_p=10.00000000"",""stage1_rate_pd:rate_p=0.06000000:rate_d=0.01600000:angle_p=10.00000000"",""stage1_rate_pd:rate_p=0.06000000:rate_d=0.01800000:angle_p=10.00000000"",""stage1_rate_pd:rate_p=0.06000000:rate_d=0.02000000:angle_p=10.00000000"",""stage1_rate_pd:rate_p=0.06000000:rate_d=0.02200000:angle_p=10.00000000"",""stage1_rate_pd:rate_p=0.06000000:rate_d=0.02400000:angle_p=10.00000000"",""stage1_rate_pd:rate_p=0.06000000:rate_d=0.02600000:angle_p=10.00000000"",""stage1_rate_pd:rate_p=0.06500000:rate_d=0.00600000:angle_p=10.00000000"",""stage1_rate_pd:rate_p=0.06500000:rate_d=0.00700000:angle_p=10.00000000"",""stage1_rate_pd:rate_p=0.06500000:rate_d=0.00800000:angle_p=10.00000000"",""stage1_rate_pd:rate_p=0.06500000:rate_d=0.00900000:angle_p=10.00000000"",""stage1_rate_pd:rate_p=0.06500000:rate_d=0.01000000:angle_p=10.00000000"",""stage1_rate_pd:rate_p=0.06500000:rate_d=0.01100000:angle_p=10.00000000"",""stage1_rate_pd:rate_p=0.06500000:rate_d=0.01200000:angle_p=10.00000000"",""stage1_rate_pd:rate_p=0.06500000:rate_d=0.01300000:angle_p=10.00000000"",""stage1_rate_pd:rate_p=0.06500000:rate_d=0.01400000:angle_p=10.00000000"",""stage1_rate_pd:rate_p=0.06500000:rate_d=0.01600000:angle_p=10.00000000"",""stage1_rate_pd:rate_p=0.06500000:rate_d=0.01800000:angle_p=10.00000000"",""stage1_rate_pd:rate_p=0.06500000:rate_d=0.02000000:angle_p=10.00000000"",""stage1_rate_pd:rate_p=0.06500000:rate_d=0.02200000:angle_p=10.00000000"",""stage1_rate_pd:rate_p=0.06500000:rate_d=0.02400000:angle_p=10.00000000"",""stage1_rate_pd:rate_p=0.06500000:rate_d=0.02600000:angle_p=10.00000000"",""stage1_rate_pd:rate_p=0.07000000:rate_d=0.00600000:angle_p=10.00000000"",""stage1_rate_pd:rate_p=0.07000000:rate_d=0.00700000:angle_p=10.00000000"",""stage1_rate_pd:rate_p=0.07000000:rate_d=0.00800000:angle_p=10.00000000"",""stage1_rate_pd:rate_p=0.07000000:rate_d=0.00900000:angle_p=10.00000000"",""stage1_rate_pd:rate_p=0.07000000:rate_d=0.01000000:angle_p=10.00000000"",""stage1_rate_pd:rate_p=0.07000000:rate_d=0.01100000:angle_p=10.00000000"",""stage1_rate_pd:rate_p=0.07000000:rate_d=0.01200000:angle_p=10.00000000"",""stage1_rate_pd:rate_p=0.07000000:rate_d=0.01300000:angle_p=10.00000000"",""stage1_rate_pd:rate_p=0.07000000:rate_d=0.01400000:angle_p=10.00000000"",""stage1_rate_pd:rate_p=0.07000000:rate_d=0.01600000:angle_p=10.00000000"",""stage1_rate_pd:rate_p=0.07000000:rate_d=0.01800000:angle_p=10.00000000"",""stage1_rate_pd:rate_p=0.07000000:rate_d=0.02000000:angle_p=10.00000000"",""stage1_rate_pd:rate_p=0.07000000:rate_d=0.02200000:angle_p=10.00000000"",""stage1_rate_pd:rate_p=0.07000000:rate_d=0.02400000:angle_p=10.00000000"",""stage1_rate_pd:rate_p=0.07000000:rate_d=0.02600000:angle_p=10.00000000"",""stage1_rate_pd:rate_p=0.07500000:rate_d=0.00600000:angle_p=10.00000000"",""stage1_rate_pd:rate_p=0.07500000:rate_d=0.00700000:angle_p=10.00000000"",""stage1_rate_pd:rate_p=0.07500000:rate_d=0.00800000:angle_p=10.00000000"",""stage1_rate_pd:rate_p=0.07500000:rate_d=0.00900000:angle_p=10.00000000"",""stage1_rate_pd:rate_p=0.07500000:rate_d=0.01000000:angle_p=10.00000000"",""stage1_rate_pd:rate_p=0.07500000:rate_d=0.01100000:angle_p=10.00000000"",""stage1_rate_pd:rate_p=0.07500000:rate_d=0.01200000:angle_p=10.00000000"",""stage1_rate_pd:rate_p=0.07500000:rate_d=0.01300000:angle_p=10.00000000"",""stage1_rate_pd:rate_p=0.07500000:rate_d=0.01400000:angle_p=10.00000000"",""stage1_rate_pd:rate_p=0.07500000:rate_d=0.01600000:angle_p=10.00000000"",""stage1_rate_pd:rate_p=0.07500000:rate_d=0.01800000:angle_p=10.00000000"",""stage1_rate_pd:rate_p=0.07500000:rate_d=0.02000000:angle_p=10.00000000"",""stage1_rate_pd:rate_p=0.07500000:rate_d=0.02200000:angle_p=10.00000000"",""stage1_rate_pd:rate_p=0.07500000:rate_d=0.02400000:angle_p=10.00000000"",""stage1_rate_pd:rate_p=0.07500000:rate_d=0.02600000:angle_p=10.00000000"",""stage1_rate_pd:rate_p=0.08000000:rate_d=0.00600000:angle_p=10.00000000"",""stage1_rate_pd:rate_p=0.08000000:rate_d=0.00700000:angle_p=10.00000000"",""stage1_rate_pd:rate_p=0.08000000:rate_d=0.00800000:angle_p=10.00000000"",""stage1_rate_pd:rate_p=0.08000000:rate_d=0.00900000:angle_p=10.00000000"",""stage1_rate_pd:rate_p=0.08000000:rate_d=0.01000000:angle_p=10.00000000"",""stage1_rate_pd:rate_p=0.08000000:rate_d=0.01100000:angle_p=10.00000000"",""stage1_rate_pd:rate_p=0.08000000:rate_d=0.01200000:angle_p=10.00000000"",""stage1_rate_pd:rate_p=0.08000000:rate_d=0.01300000:angle_p=10.00000000"",""stage1_rate_pd:rate_p=0.08000000:rate_d=0.01400000:angle_p=10.00000000"",""stage1_rate_pd:rate_p=0.08000000:rate_d=0.01600000:angle_p=10.00000000"",""stage1_rate_pd:rate_p=0.08000000:rate_d=0.01800000:angle_p=10.00000000"",""stage1_rate_pd:rate_p=0.08000000:rate_d=0.02000000:angle_p=10.00000000"",""stage1_rate_pd:rate_p=0.08000000:rate_d=0.02200000:angle_p=10.00000000"",""stage1_rate_pd:rate_p=0.08000000:rate_d=0.02400000:angle_p=10.00000000"",""stage1_rate_pd:rate_p=0.08000000:rate_d=0.02600000:angle_p=10.00000000"",""stage1_rate_pd:rate_p=0.08500000:rate_d=0.00600000:angle_p=10.00000000"",""stage1_rate_pd:rate_p=0.08500000:rate_d=0.00700000:angle_p=10.00000000"",""stage1_rate_pd:rate_p=0.08500000:rate_d=0.00800000:angle_p=10.00000000"",""stage1_rate_pd:rate_p=0.08500000:rate_d=0.00900000:angle_p=10.00000000"",""stage1_rate_pd:rate_p=0.08500000:rate_d=0.01000000:angle_p=10.00000000"",""stage1_rate_pd:rate_p=0.08500000:rate_d=0.01100000:angle_p=10.00000000"",""stage1_rate_pd:rate_p=0.08500000:rate_d=0.01200000:angle_p=10.00000000"",""stage1_rate_pd:rate_p=0.08500000:rate_d=0.01300000:angle_p=10.00000000"",""stage1_rate_pd:rate_p=0.08500000:rate_d=0.01400000:angle_p=10.00000000"",""stage1_rate_pd:rate_p=0.08500000:rate_d=0.01600000:angle_p=10.00000000"",""stage1_rate_pd:rate_p=0.08500000:rate_d=0.01800000:angle_p=10.00000000"",""stage1_rate_pd:rate_p=0.08500000:rate_d=0.02000000:angle_p=10.00000000"",""stage1_rate_pd:rate_p=0.08500000:rate_d=0.02200000:angle_p=10.00000000"",""stage1_rate_pd:rate_p=0.08500000:rate_d=0.02400000:angle_p=10.00000000"",""stage1_rate_pd:rate_p=0.08500000:rate_d=0.02600000:angle_p=10.00000000"",""stage1_rate_pd:rate_p=0.09000000:rate_d=0.00600000:angle_p=10.00000000"",""stage1_rate_pd:rate_p=0.09000000:rate_d=0.00700000:angle_p=10.00000000"",""stage1_rate_pd:rate_p=0.09000000:rate_d=0.00800000:angle_p=10.00000000"",""stage1_rate_pd:rate_p=0.09000000:rate_d=0.00900000:angle_p=10.00000000"",""stage1_rate_pd:rate_p=0.09000000:rate_d=0.01000000:angle_p=10.00000000"",""stage1_rate_pd:rate_p=0.09000000:rate_d=0.01100000:angle_p=10.00000000"",""stage1_rate_pd:rate_p=0.09000000:rate_d=0.01200000:angle_p=10.00000000"",""stage1_rate_pd:rate_p=0.09000000:rate_d=0.01300000:angle_p=10.00000000"",""stage1_rate_pd:rate_p=0.09000000:rate_d=0.01400000:angle_p=10.00000000"",""stage1_rate_pd:rate_p=0.09000000:rate_d=0.01600000:angle_p=10.00000000"",""stage1_rate_pd:rate_p=0.09000000:rate_d=0.01800000:angle_p=10.00000000"",""stage1_rate_pd:rate_p=0.09000000:rate_d=0.02000000:angle_p=10.00000000"",""stage1_rate_pd:rate_p=0.09000000:rate_d=0.02200000:angle_p=10.00000000"",""stage1_rate_pd:rate_p=0.09000000:rate_d=0.02400000:angle_p=10.00000000"",""stage1_rate_pd:rate_p=0.09000000:rate_d=0.02600000:angle_p=10.00000000"",""stage1_rate_pd:rate_p=0.09500000:rate_d=0.00600000:angle_p=10.00000000"",""stage1_rate_pd:rate_p=0.09500000:rate_d=0.00700000:angle_p=10.00000000"",""stage1_rate_pd:rate_p=0.09500000:rate_d=0.00800000:angle_p=10.00000000"",""stage1_rate_pd:rate_p=0.09500000:rate_d=0.00900000:angle_p=10.00000000"",""stage1_rate_pd:rate_p=0.09500000:rate_d=0.01000000:angle_p=10.00000000"",""stage1_rate_pd:rate_p=0.09500000:rate_d=0.01100000:angle_p=10.00000000"",""stage1_rate_pd:rate_p=0.09500000:rate_d=0.01200000:angle_p=10.00000000"",""stage1_rate_pd:rate_p=0.09500000:rate_d=0.01300000:angle_p=10.00000000"",""stage1_rate_pd:rate_p=0.09500000:rate_d=0.01400000:angle_p=10.00000000"",""stage1_rate_pd:rate_p=0.09500000:rate_d=0.01600000:angle_p=10.00000000"",""stage1_rate_pd:rate_p=0.09500000:rate_d=0.01800000:angle_p=10.00000000"",""stage1_rate_pd:rate_p=0.09500000:rate_d=0.02000000:angle_p=10.00000000"",""stage1_rate_pd:rate_p=0.09500000:rate_d=0.02200000:angle_p=10.00000000"",""stage1_rate_pd:rate_p=0.09500000:rate_d=0.02400000:angle_p=10.00000000"",""stage1_rate_pd:rate_p=0.09500000:rate_d=0.02600000:angle_p=10.00000000"",""stage1_rate_pd:rate_p=0.10000000:rate_d=0.00600000:angle_p=10.00000000"",""stage1_rate_pd:rate_p=0.10000000:rate_d=0.00700000:angle_p=10.00000000"",""stage1_rate_pd:rate_p=0.10000000:rate_d=0.00800000:angle_p=10.00000000"",""stage1_rate_pd:rate_p=0.10000000:rate_d=0.00900000:angle_p=10.00000000"",""stage1_rate_pd:rate_p=0.10000000:rate_d=0.01000000:angle_p=10.00000000"",""stage1_rate_pd:rate_p=0.10000000:rate_d=0.01100000:angle_p=10.00000000"",""stage1_rate_pd:rate_p=0.10000000:rate_d=0.01200000:angle_p=10.00000000"",""stage1_rate_pd:rate_p=0.10000000:rate_d=0.01300000:angle_p=10.00000000"",""stage1_rate_pd:rate_p=0.10000000:rate_d=0.01400000:angle_p=10.00000000"",""stage1_rate_pd:rate_p=0.10000000:rate_d=0.01600000:angle_p=10.00000000"",""stage1_rate_pd:rate_p=0.10000000:rate_d=0.01800000:angle_p=10.00000000"",""stage1_rate_pd:rate_p=0.10000000:rate_d=0.02000000:angle_p=10.00000000"",""stage1_rate_pd:rate_p=0.10000000:rate_d=0.02200000:angle_p=10.00000000"",""stage1_rate_pd:rate_p=0.10000000:rate_d=0.02400000:angle_p=10.00000000"",""stage1_rate_pd:rate_p=0.10000000:rate_d=0.02600000:angle_p=10.00000000"",""stage1_rate_pd:rate_p=0.10500000:rate_d=0.00600000:angle_p=10.00000000"",""stage1_rate_pd:rate_p=0.10500000:rate_d=0.00700000:angle_p=10.00000000"",""stage1_rate_pd:rate_p=0.10500000:rate_d=0.00800000:angle_p=10.00000000"",""stage1_rate_pd:rate_p=0.10500000:rate_d=0.00900000:angle_p=10.00000000"",""stage1_rate_pd:rate_p=0.10500000:rate_d=0.01000000:angle_p=10.00000000"",""stage1_rate_pd:rate_p=0.10500000:rate_d=0.01100000:angle_p=10.00000000"",""stage1_rate_pd:rate_p=0.10500000:rate_d=0.01200000:angle_p=10.00000000"",""stage1_rate_pd:rate_p=0.10500000:rate_d=0.01300000:angle_p=10.00000000"",""stage1_rate_pd:rate_p=0.10500000:rate_d=0.01400000:angle_p=10.00000000"",""stage1_rate_pd:rate_p=0.10500000:rate_d=0.01600000:angle_p=10.00000000"",""stage1_rate_pd:rate_p=0.10500000:rate_d=0.01800000:angle_p=10.00000000"",""stage1_rate_pd:rate_p=0.10500000:rate_d=0.02000000:angle_p=10.00000000"",""stage1_rate_pd:rate_p=0.10500000:rate_d=0.02200000:angle_p=10.00000000"",""stage1_rate_pd:rate_p=0.10500000:rate_d=0.02400000:angle_p=10.00000000"",""stage1_rate_pd:rate_p=0.10500000:rate_d=0.02600000:angle_p=10.00000000"",""stage1_rate_pd:rate_p=0.11000000:rate_d=0.00600000:angle_p=10.00000000"",""stage1_rate_pd:rate_p=0.11000000:rate_d=0.00700000:angle_p=10.00000000"",""stage1_rate_pd:rate_p=0.11000000:rate_d=0.00800000:angle_p=10.00000000"",""stage1_rate_pd:rate_p=0.11000000:rate_d=0.00900000:angle_p=10.00000000"",""stage1_rate_pd:rate_p=0.11000000:rate_d=0.01000000:angle_p=10.00000000"",""stage1_rate_pd:rate_p=0.11000000:rate_d=0.01100000:angle_p=10.00000000"",""stage1_rate_pd:rate_p=0.11000000:rate_d=0.01200000:angle_p=10.00000000"",""stage1_rate_pd:rate_p=0.11000000:rate_d=0.01300000:angle_p=10.00000000"",""stage1_rate_pd:rate_p=0.11000000:rate_d=0.01400000:angle_p=10.00000000"",""stage1_rate_pd:rate_p=0.11000000:rate_d=0.01600000:angle_p=10.00000000"",""stage1_rate_pd:rate_p=0.11000000:rate_d=0.01800000:angle_p=10.00000000"",""stage1_rate_pd:rate_p=0.11000000:rate_d=0.02000000:angle_p=10.00000000"",""stage1_rate_pd:rate_p=0.11000000:rate_d=0.02200000:angle_p=10.00000000"",""stage1_rate_pd:rate_p=0.11000000:rate_d=0.02400000:angle_p=10.00000000"",""stage1_rate_pd:rate_p=0.11000000:rate_d=0.02600000:angle_p=10.00000000""],""rate_d_values"":[0.006,0.007,0.008,0.009,0.01,0.011,0.012,0.013,0.014,0.016,0.018000000000000002,0.02,0.022,0.024,0.026000000000000002],""rate_p_values"":[0.055,0.06,0.065,0.07,0.075,0.08,0.085,0.09,0.095,0.09999999999999999,0.105,0.11],""scenario_row_count"":1260},""stage2_angle_p"":{""angle_p_values"":[8.0,9.0,10.0,11.0,12.0,13.0,14.0,15.0,16.0,17.0,18.0,19.0,20.0,21.0,22.0,23.0,24.0,25.0,26.0],""candidate_count"":57,""candidate_keys"":[""stage2_angle_p:rate_p=0.08500000:rate_d=0.02000000:angle_p=10.00000000"",""stage2_angle_p:rate_p=0.08500000:rate_d=0.02000000:angle_p=11.00000000"",""stage2_angle_p:rate_p=0.08500000:rate_d=0.02000000:angle_p=12.00000000"",""stage2_angle_p:rate_p=0.08500000:rate_d=0.02000000:angle_p=13.00000000"",""stage2_angle_p:rate_p=0.08500000:rate_d=0.02000000:angle_p=14.00000000"",""stage2_angle_p:rate_p=0.08500000:rate_d=0.02000000:angle_p=15.00000000"",""stage2_angle_p:rate_p=0.08500000:rate_d=0.02000000:angle_p=16.00000000"",""stage2_angle_p:rate_p=0.08500000:rate_d=0.02000000:angle_p=17.00000000"",""stage2_angle_p:rate_p=0.08500000:rate_d=0.02000000:angle_p=18.00000000"",""stage2_angle_p:rate_p=0.08500000:rate_d=0.02000000:angle_p=19.00000000"",""stage2_angle_p:rate_p=0.08500000:rate_d=0.02000000:angle_p=20.00000000"",""stage2_angle_p:rate_p=0.08500000:rate_d=0.02000000:angle_p=21.00000000"",""stage2_angle_p:rate_p=0.08500000:rate_d=0.02000000:angle_p=22.00000000"",""stage2_angle_p:rate_p=0.08500000:rate_d=0.02000000:angle_p=23.00000000"",""stage2_angle_p:rate_p=0.08500000:rate_d=0.02000000:angle_p=24.00000000"",""stage2_angle_p:rate_p=0.08500000:rate_d=0.02000000:angle_p=25.00000000"",""stage2_angle_p:rate_p=0.08500000:rate_d=0.02000000:angle_p=26.00000000"",""stage2_angle_p:rate_p=0.08500000:rate_d=0.02000000:angle_p=8.00000000"",""stage2_angle_p:rate_p=0.08500000:rate_d=0.02000000:angle_p=9.00000000"",""stage2_angle_p:rate_p=0.09000000:rate_d=0.01800000:angle_p=10.00000000"",""stage2_angle_p:rate_p=0.09000000:rate_d=0.01800000:angle_p=11.00000000"",""stage2_angle_p:rate_p=0.09000000:rate_d=0.01800000:angle_p=12.00000000"",""stage2_angle_p:rate_p=0.09000000:rate_d=0.01800000:angle_p=13.00000000"",""stage2_angle_p:rate_p=0.09000000:rate_d=0.01800000:angle_p=14.00000000"",""stage2_angle_p:rate_p=0.09000000:rate_d=0.01800000:angle_p=15.00000000"",""stage2_angle_p:rate_p=0.09000000:rate_d=0.01800000:angle_p=16.00000000"",""stage2_angle_p:rate_p=0.09000000:rate_d=0.01800000:angle_p=17.00000000"",""stage2_angle_p:rate_p=0.09000000:rate_d=0.01800000:angle_p=18.00000000"",""stage2_angle_p:rate_p=0.09000000:rate_d=0.01800000:angle_p=19.00000000"",""stage2_angle_p:rate_p=0.09000000:rate_d=0.01800000:angle_p=20.00000000"",""stage2_angle_p:rate_p=0.09000000:rate_d=0.01800000:angle_p=21.00000000"",""stage2_angle_p:rate_p=0.09000000:rate_d=0.01800000:angle_p=22.00000000"",""stage2_angle_p:rate_p=0.09000000:rate_d=0.01800000:angle_p=23.00000000"",""stage2_angle_p:rate_p=0.09000000:rate_d=0.01800000:angle_p=24.00000000"",""stage2_angle_p:rate_p=0.09000000:rate_d=0.01800000:angle_p=25.00000000"",""stage2_angle_p:rate_p=0.09000000:rate_d=0.01800000:angle_p=26.00000000"",""stage2_angle_p:rate_p=0.09000000:rate_d=0.01800000:angle_p=8.00000000"",""stage2_angle_p:rate_p=0.09000000:rate_d=0.01800000:angle_p=9.00000000"",""stage2_angle_p:rate_p=0.09500000:rate_d=0.01600000:angle_p=10.00000000"",""stage2_angle_p:rate_p=0.09500000:rate_d=0.01600000:angle_p=11.00000000"",""stage2_angle_p:rate_p=0.09500000:rate_d=0.01600000:angle_p=12.00000000"",""stage2_angle_p:rate_p=0.09500000:rate_d=0.01600000:angle_p=13.00000000"",""stage2_angle_p:rate_p=0.09500000:rate_d=0.01600000:angle_p=14.00000000"",""stage2_angle_p:rate_p=0.09500000:rate_d=0.01600000:angle_p=15.00000000"",""stage2_angle_p:rate_p=0.09500000:rate_d=0.01600000:angle_p=16.00000000"",""stage2_angle_p:rate_p=0.09500000:rate_d=0.01600000:angle_p=17.00000000"",""stage2_angle_p:rate_p=0.09500000:rate_d=0.01600000:angle_p=18.00000000"",""stage2_angle_p:rate_p=0.09500000:rate_d=0.01600000:angle_p=19.00000000"",""stage2_angle_p:rate_p=0.09500000:rate_d=0.01600000:angle_p=20.00000000"",""stage2_angle_p:rate_p=0.09500000:rate_d=0.01600000:angle_p=21.00000000"",""stage2_angle_p:rate_p=0.09500000:rate_d=0.01600000:angle_p=22.00000000"",""stage2_angle_p:rate_p=0.09500000:rate_d=0.01600000:angle_p=23.00000000"",""stage2_angle_p:rate_p=0.09500000:rate_d=0.01600000:angle_p=24.00000000"",""stage2_angle_p:rate_p=0.09500000:rate_d=0.01600000:angle_p=25.00000000"",""stage2_angle_p:rate_p=0.09500000:rate_d=0.01600000:angle_p=26.00000000"",""stage2_angle_p:rate_p=0.09500000:rate_d=0.01600000:angle_p=8.00000000"",""stage2_angle_p:rate_p=0.09500000:rate_d=0.01600000:angle_p=9.00000000""],""rate_d_values"":[0.016,0.018000000000000002,0.02],""rate_p_values"":[0.085,0.09,0.095],""scenario_row_count"":399},""stage3a_local_rate_pd"":{""angle_p_values"":[25.0],""candidate_count"":81,""candidate_keys"":[""stage3a_local_rate_pd:rate_p=0.08500000:rate_d=0.01600000:angle_p=25.00000000"",""stage3a_local_rate_pd:rate_p=0.08500000:rate_d=0.01650000:angle_p=25.00000000"",""stage3a_local_rate_pd:rate_p=0.08500000:rate_d=0.01700000:angle_p=25.00000000"",""stage3a_local_rate_pd:rate_p=0.08500000:rate_d=0.01750000:angle_p=25.00000000"",""stage3a_local_rate_pd:rate_p=0.08500000:rate_d=0.01800000:angle_p=25.00000000"",""stage3a_local_rate_pd:rate_p=0.08500000:rate_d=0.01850000:angle_p=25.00000000"",""stage3a_local_rate_pd:rate_p=0.08500000:rate_d=0.01900000:angle_p=25.00000000"",""stage3a_local_rate_pd:rate_p=0.08500000:rate_d=0.01950000:angle_p=25.00000000"",""stage3a_local_rate_pd:rate_p=0.08500000:rate_d=0.02000000:angle_p=25.00000000"",""stage3a_local_rate_pd:rate_p=0.08625000:rate_d=0.01600000:angle_p=25.00000000"",""stage3a_local_rate_pd:rate_p=0.08625000:rate_d=0.01650000:angle_p=25.00000000"",""stage3a_local_rate_pd:rate_p=0.08625000:rate_d=0.01700000:angle_p=25.00000000"",""stage3a_local_rate_pd:rate_p=0.08625000:rate_d=0.01750000:angle_p=25.00000000"",""stage3a_local_rate_pd:rate_p=0.08625000:rate_d=0.01800000:angle_p=25.00000000"",""stage3a_local_rate_pd:rate_p=0.08625000:rate_d=0.01850000:angle_p=25.00000000"",""stage3a_local_rate_pd:rate_p=0.08625000:rate_d=0.01900000:angle_p=25.00000000"",""stage3a_local_rate_pd:rate_p=0.08625000:rate_d=0.01950000:angle_p=25.00000000"",""stage3a_local_rate_pd:rate_p=0.08625000:rate_d=0.02000000:angle_p=25.00000000"",""stage3a_local_rate_pd:rate_p=0.08750000:rate_d=0.01600000:angle_p=25.00000000"",""stage3a_local_rate_pd:rate_p=0.08750000:rate_d=0.01650000:angle_p=25.00000000"",""stage3a_local_rate_pd:rate_p=0.08750000:rate_d=0.01700000:angle_p=25.00000000"",""stage3a_local_rate_pd:rate_p=0.08750000:rate_d=0.01750000:angle_p=25.00000000"",""stage3a_local_rate_pd:rate_p=0.08750000:rate_d=0.01800000:angle_p=25.00000000"",""stage3a_local_rate_pd:rate_p=0.08750000:rate_d=0.01850000:angle_p=25.00000000"",""stage3a_local_rate_pd:rate_p=0.08750000:rate_d=0.01900000:angle_p=25.00000000"",""stage3a_local_rate_pd:rate_p=0.08750000:rate_d=0.01950000:angle_p=25.00000000"",""stage3a_local_rate_pd:rate_p=0.08750000:rate_d=0.02000000:angle_p=25.00000000"",""stage3a_local_rate_pd:rate_p=0.08875000:rate_d=0.01600000:angle_p=25.00000000"",""stage3a_local_rate_pd:rate_p=0.08875000:rate_d=0.01650000:angle_p=25.00000000"",""stage3a_local_rate_pd:rate_p=0.08875000:rate_d=0.01700000:angle_p=25.00000000"",""stage3a_local_rate_pd:rate_p=0.08875000:rate_d=0.01750000:angle_p=25.00000000"",""stage3a_local_rate_pd:rate_p=0.08875000:rate_d=0.01800000:angle_p=25.00000000"",""stage3a_local_rate_pd:rate_p=0.08875000:rate_d=0.01850000:angle_p=25.00000000"",""stage3a_local_rate_pd:rate_p=0.08875000:rate_d=0.01900000:angle_p=25.00000000"",""stage3a_local_rate_pd:rate_p=0.08875000:rate_d=0.01950000:angle_p=25.00000000"",""stage3a_local_rate_pd:rate_p=0.08875000:rate_d=0.02000000:angle_p=25.00000000"",""stage3a_local_rate_pd:rate_p=0.09000000:rate_d=0.01600000:angle_p=25.00000000"",""stage3a_local_rate_pd:rate_p=0.09000000:rate_d=0.01650000:angle_p=25.00000000"",""stage3a_local_rate_pd:rate_p=0.09000000:rate_d=0.01700000:angle_p=25.00000000"",""stage3a_local_rate_pd:rate_p=0.09000000:rate_d=0.01750000:angle_p=25.00000000"",""stage3a_local_rate_pd:rate_p=0.09000000:rate_d=0.01800000:angle_p=25.00000000"",""stage3a_local_rate_pd:rate_p=0.09000000:rate_d=0.01850000:angle_p=25.00000000"",""stage3a_local_rate_pd:rate_p=0.09000000:rate_d=0.01900000:angle_p=25.00000000"",""stage3a_local_rate_pd:rate_p=0.09000000:rate_d=0.01950000:angle_p=25.00000000"",""stage3a_local_rate_pd:rate_p=0.09000000:rate_d=0.02000000:angle_p=25.00000000"",""stage3a_local_rate_pd:rate_p=0.09125000:rate_d=0.01600000:angle_p=25.00000000"",""stage3a_local_rate_pd:rate_p=0.09125000:rate_d=0.01650000:angle_p=25.00000000"",""stage3a_local_rate_pd:rate_p=0.09125000:rate_d=0.01700000:angle_p=25.00000000"",""stage3a_local_rate_pd:rate_p=0.09125000:rate_d=0.01750000:angle_p=25.00000000"",""stage3a_local_rate_pd:rate_p=0.09125000:rate_d=0.01800000:angle_p=25.00000000"",""stage3a_local_rate_pd:rate_p=0.09125000:rate_d=0.01850000:angle_p=25.00000000"",""stage3a_local_rate_pd:rate_p=0.09125000:rate_d=0.01900000:angle_p=25.00000000"",""stage3a_local_rate_pd:rate_p=0.09125000:rate_d=0.01950000:angle_p=25.00000000"",""stage3a_local_rate_pd:rate_p=0.09125000:rate_d=0.02000000:angle_p=25.00000000"",""stage3a_local_rate_pd:rate_p=0.09250000:rate_d=0.01600000:angle_p=25.00000000"",""stage3a_local_rate_pd:rate_p=0.09250000:rate_d=0.01650000:angle_p=25.00000000"",""stage3a_local_rate_pd:rate_p=0.09250000:rate_d=0.01700000:angle_p=25.00000000"",""stage3a_local_rate_pd:rate_p=0.09250000:rate_d=0.01750000:angle_p=25.00000000"",""stage3a_local_rate_pd:rate_p=0.09250000:rate_d=0.01800000:angle_p=25.00000000"",""stage3a_local_rate_pd:rate_p=0.09250000:rate_d=0.01850000:angle_p=25.00000000"",""stage3a_local_rate_pd:rate_p=0.09250000:rate_d=0.01900000:angle_p=25.00000000"",""stage3a_local_rate_pd:rate_p=0.09250000:rate_d=0.01950000:angle_p=25.00000000"",""stage3a_local_rate_pd:rate_p=0.09250000:rate_d=0.02000000:angle_p=25.00000000"",""stage3a_local_rate_pd:rate_p=0.09375000:rate_d=0.01600000:angle_p=25.00000000"",""stage3a_local_rate_pd:rate_p=0.09375000:rate_d=0.01650000:angle_p=25.00000000"",""stage3a_local_rate_pd:rate_p=0.09375000:rate_d=0.01700000:angle_p=25.00000000"",""stage3a_local_rate_pd:rate_p=0.09375000:rate_d=0.01750000:angle_p=25.00000000"",""stage3a_local_rate_pd:rate_p=0.09375000:rate_d=0.01800000:angle_p=25.00000000"",""stage3a_local_rate_pd:rate_p=0.09375000:rate_d=0.01850000:angle_p=25.00000000"",""stage3a_local_rate_pd:rate_p=0.09375000:rate_d=0.01900000:angle_p=25.00000000"",""stage3a_local_rate_pd:rate_p=0.09375000:rate_d=0.01950000:angle_p=25.00000000"",""stage3a_local_rate_pd:rate_p=0.09375000:rate_d=0.02000000:angle_p=25.00000000"",""stage3a_local_rate_pd:rate_p=0.09500000:rate_d=0.01600000:angle_p=25.00000000"",""stage3a_local_rate_pd:rate_p=0.09500000:rate_d=0.01650000:angle_p=25.00000000"",""stage3a_local_rate_pd:rate_p=0.09500000:rate_d=0.01700000:angle_p=25.00000000"",""stage3a_local_rate_pd:rate_p=0.09500000:rate_d=0.01750000:angle_p=25.00000000"",""stage3a_local_rate_pd:rate_p=0.09500000:rate_d=0.01800000:angle_p=25.00000000"",""stage3a_local_rate_pd:rate_p=0.09500000:rate_d=0.01850000:angle_p=25.00000000"",""stage3a_local_rate_pd:rate_p=0.09500000:rate_d=0.01900000:angle_p=25.00000000"",""stage3a_local_rate_pd:rate_p=0.09500000:rate_d=0.01950000:angle_p=25.00000000"",""stage3a_local_rate_pd:rate_p=0.09500000:rate_d=0.02000000:angle_p=25.00000000""],""rate_d_values"":[0.016,0.0165,0.017,0.0175,0.018,0.0185,0.019,0.0195,0.02],""rate_p_values"":[0.085,0.08625,0.0875,0.08875,0.09,0.09125,0.0925,0.09375,0.095],""scenario_row_count"":567},""stage3b_local_angle_p"":{""angle_p_values"":[24.0,24.25,24.5,24.75,25.0,25.25,25.5,25.75,26.0],""candidate_count"":9,""candidate_keys"":[""stage3b_local_angle_p:rate_p=0.08750000:rate_d=0.01850000:angle_p=24.00000000"",""stage3b_local_angle_p:rate_p=0.08750000:rate_d=0.01850000:angle_p=24.25000000"",""stage3b_local_angle_p:rate_p=0.08750000:rate_d=0.01850000:angle_p=24.50000000"",""stage3b_local_angle_p:rate_p=0.08750000:rate_d=0.01850000:angle_p=24.75000000"",""stage3b_local_angle_p:rate_p=0.08750000:rate_d=0.01850000:angle_p=25.00000000"",""stage3b_local_angle_p:rate_p=0.08750000:rate_d=0.01850000:angle_p=25.25000000"",""stage3b_local_angle_p:rate_p=0.08750000:rate_d=0.01850000:angle_p=25.50000000"",""stage3b_local_angle_p:rate_p=0.08750000:rate_d=0.01850000:angle_p=25.75000000"",""stage3b_local_angle_p:rate_p=0.08750000:rate_d=0.01850000:angle_p=26.00000000""],""rate_d_values"":[0.0185],""rate_p_values"":[0.0875],""scenario_row_count"":63},""stage3c_crosscheck"":{""angle_p_values"":[24.5,24.75,25.0,25.25],""candidate_count"":120,""candidate_keys"":[""stage3c_crosscheck:rate_p=0.08375000:rate_d=0.01750000:angle_p=24.50000000"",""stage3c_crosscheck:rate_p=0.08375000:rate_d=0.01750000:angle_p=24.75000000"",""stage3c_crosscheck:rate_p=0.08375000:rate_d=0.01750000:angle_p=25.00000000"",""stage3c_crosscheck:rate_p=0.08375000:rate_d=0.01750000:angle_p=25.25000000"",""stage3c_crosscheck:rate_p=0.08375000:rate_d=0.01800000:angle_p=24.50000000"",""stage3c_crosscheck:rate_p=0.08375000:rate_d=0.01800000:angle_p=24.75000000"",""stage3c_crosscheck:rate_p=0.08375000:rate_d=0.01800000:angle_p=25.00000000"",""stage3c_crosscheck:rate_p=0.08375000:rate_d=0.01800000:angle_p=25.25000000"",""stage3c_crosscheck:rate_p=0.08375000:rate_d=0.01850000:angle_p=24.50000000"",""stage3c_crosscheck:rate_p=0.08375000:rate_d=0.01850000:angle_p=24.75000000"",""stage3c_crosscheck:rate_p=0.08375000:rate_d=0.01850000:angle_p=25.00000000"",""stage3c_crosscheck:rate_p=0.08375000:rate_d=0.01850000:angle_p=25.25000000"",""stage3c_crosscheck:rate_p=0.08375000:rate_d=0.01900000:angle_p=24.50000000"",""stage3c_crosscheck:rate_p=0.08375000:rate_d=0.01900000:angle_p=24.75000000"",""stage3c_crosscheck:rate_p=0.08375000:rate_d=0.01900000:angle_p=25.00000000"",""stage3c_crosscheck:rate_p=0.08375000:rate_d=0.01900000:angle_p=25.25000000"",""stage3c_crosscheck:rate_p=0.08375000:rate_d=0.01950000:angle_p=24.50000000"",""stage3c_crosscheck:rate_p=0.08375000:rate_d=0.01950000:angle_p=24.75000000"",""stage3c_crosscheck:rate_p=0.08375000:rate_d=0.01950000:angle_p=25.00000000"",""stage3c_crosscheck:rate_p=0.08375000:rate_d=0.01950000:angle_p=25.25000000"",""stage3c_crosscheck:rate_p=0.08500000:rate_d=0.01750000:angle_p=24.50000000"",""stage3c_crosscheck:rate_p=0.08500000:rate_d=0.01750000:angle_p=24.75000000"",""stage3c_crosscheck:rate_p=0.08500000:rate_d=0.01750000:angle_p=25.00000000"",""stage3c_crosscheck:rate_p=0.08500000:rate_d=0.01750000:angle_p=25.25000000"",""stage3c_crosscheck:rate_p=0.08500000:rate_d=0.01800000:angle_p=24.50000000"",""stage3c_crosscheck:rate_p=0.08500000:rate_d=0.01800000:angle_p=24.75000000"",""stage3c_crosscheck:rate_p=0.08500000:rate_d=0.01800000:angle_p=25.00000000"",""stage3c_crosscheck:rate_p=0.08500000:rate_d=0.01800000:angle_p=25.25000000"",""stage3c_crosscheck:rate_p=0.08500000:rate_d=0.01850000:angle_p=24.50000000"",""stage3c_crosscheck:rate_p=0.08500000:rate_d=0.01850000:angle_p=24.75000000"",""stage3c_crosscheck:rate_p=0.08500000:rate_d=0.01850000:angle_p=25.00000000"",""stage3c_crosscheck:rate_p=0.08500000:rate_d=0.01850000:angle_p=25.25000000"",""stage3c_crosscheck:rate_p=0.08500000:rate_d=0.01900000:angle_p=24.50000000"",""stage3c_crosscheck:rate_p=0.08500000:rate_d=0.01900000:angle_p=24.75000000"",""stage3c_crosscheck:rate_p=0.08500000:rate_d=0.01900000:angle_p=25.00000000"",""stage3c_crosscheck:rate_p=0.08500000:rate_d=0.01900000:angle_p=25.25000000"",""stage3c_crosscheck:rate_p=0.08500000:rate_d=0.01950000:angle_p=24.50000000"",""stage3c_crosscheck:rate_p=0.08500000:rate_d=0.01950000:angle_p=24.75000000"",""stage3c_crosscheck:rate_p=0.08500000:rate_d=0.01950000:angle_p=25.00000000"",""stage3c_crosscheck:rate_p=0.08500000:rate_d=0.01950000:angle_p=25.25000000"",""stage3c_crosscheck:rate_p=0.08625000:rate_d=0.01750000:angle_p=24.50000000"",""stage3c_crosscheck:rate_p=0.08625000:rate_d=0.01750000:angle_p=24.75000000"",""stage3c_crosscheck:rate_p=0.08625000:rate_d=0.01750000:angle_p=25.00000000"",""stage3c_crosscheck:rate_p=0.08625000:rate_d=0.01750000:angle_p=25.25000000"",""stage3c_crosscheck:rate_p=0.08625000:rate_d=0.01800000:angle_p=24.50000000"",""stage3c_crosscheck:rate_p=0.08625000:rate_d=0.01800000:angle_p=24.75000000"",""stage3c_crosscheck:rate_p=0.08625000:rate_d=0.01800000:angle_p=25.00000000"",""stage3c_crosscheck:rate_p=0.08625000:rate_d=0.01800000:angle_p=25.25000000"",""stage3c_crosscheck:rate_p=0.08625000:rate_d=0.01850000:angle_p=24.50000000"",""stage3c_crosscheck:rate_p=0.08625000:rate_d=0.01850000:angle_p=24.75000000"",""stage3c_crosscheck:rate_p=0.08625000:rate_d=0.01850000:angle_p=25.00000000"",""stage3c_crosscheck:rate_p=0.08625000:rate_d=0.01850000:angle_p=25.25000000"",""stage3c_crosscheck:rate_p=0.08625000:rate_d=0.01900000:angle_p=24.50000000"",""stage3c_crosscheck:rate_p=0.08625000:rate_d=0.01900000:angle_p=24.75000000"",""stage3c_crosscheck:rate_p=0.08625000:rate_d=0.01900000:angle_p=25.00000000"",""stage3c_crosscheck:rate_p=0.08625000:rate_d=0.01900000:angle_p=25.25000000"",""stage3c_crosscheck:rate_p=0.08625000:rate_d=0.01950000:angle_p=24.50000000"",""stage3c_crosscheck:rate_p=0.08625000:rate_d=0.01950000:angle_p=24.75000000"",""stage3c_crosscheck:rate_p=0.08625000:rate_d=0.01950000:angle_p=25.00000000"",""stage3c_crosscheck:rate_p=0.08625000:rate_d=0.01950000:angle_p=25.25000000"",""stage3c_crosscheck:rate_p=0.08750000:rate_d=0.01750000:angle_p=24.50000000"",""stage3c_crosscheck:rate_p=0.08750000:rate_d=0.01750000:angle_p=24.75000000"",""stage3c_crosscheck:rate_p=0.08750000:rate_d=0.01750000:angle_p=25.00000000"",""stage3c_crosscheck:rate_p=0.08750000:rate_d=0.01750000:angle_p=25.25000000"",""stage3c_crosscheck:rate_p=0.08750000:rate_d=0.01800000:angle_p=24.50000000"",""stage3c_crosscheck:rate_p=0.08750000:rate_d=0.01800000:angle_p=24.75000000"",""stage3c_crosscheck:rate_p=0.08750000:rate_d=0.01800000:angle_p=25.00000000"",""stage3c_crosscheck:rate_p=0.08750000:rate_d=0.01800000:angle_p=25.25000000"",""stage3c_crosscheck:rate_p=0.08750000:rate_d=0.01850000:angle_p=24.50000000"",""stage3c_crosscheck:rate_p=0.08750000:rate_d=0.01850000:angle_p=24.75000000"",""stage3c_crosscheck:rate_p=0.08750000:rate_d=0.01850000:angle_p=25.00000000"",""stage3c_crosscheck:rate_p=0.08750000:rate_d=0.01850000:angle_p=25.25000000"",""stage3c_crosscheck:rate_p=0.08750000:rate_d=0.01900000:angle_p=24.50000000"",""stage3c_crosscheck:rate_p=0.08750000:rate_d=0.01900000:angle_p=24.75000000"",""stage3c_crosscheck:rate_p=0.08750000:rate_d=0.01900000:angle_p=25.00000000"",""stage3c_crosscheck:rate_p=0.08750000:rate_d=0.01900000:angle_p=25.25000000"",""stage3c_crosscheck:rate_p=0.08750000:rate_d=0.01950000:angle_p=24.50000000"",""stage3c_crosscheck:rate_p=0.08750000:rate_d=0.01950000:angle_p=24.75000000"",""stage3c_crosscheck:rate_p=0.08750000:rate_d=0.01950000:angle_p=25.00000000"",""stage3c_crosscheck:rate_p=0.08750000:rate_d=0.01950000:angle_p=25.25000000"",""stage3c_crosscheck:rate_p=0.08875000:rate_d=0.01750000:angle_p=24.50000000"",""stage3c_crosscheck:rate_p=0.08875000:rate_d=0.01750000:angle_p=24.75000000"",""stage3c_crosscheck:rate_p=0.08875000:rate_d=0.01750000:angle_p=25.00000000"",""stage3c_crosscheck:rate_p=0.08875000:rate_d=0.01750000:angle_p=25.25000000"",""stage3c_crosscheck:rate_p=0.08875000:rate_d=0.01800000:angle_p=24.50000000"",""stage3c_crosscheck:rate_p=0.08875000:rate_d=0.01800000:angle_p=24.75000000"",""stage3c_crosscheck:rate_p=0.08875000:rate_d=0.01800000:angle_p=25.00000000"",""stage3c_crosscheck:rate_p=0.08875000:rate_d=0.01800000:angle_p=25.25000000"",""stage3c_crosscheck:rate_p=0.08875000:rate_d=0.01850000:angle_p=24.50000000"",""stage3c_crosscheck:rate_p=0.08875000:rate_d=0.01850000:angle_p=24.75000000"",""stage3c_crosscheck:rate_p=0.08875000:rate_d=0.01850000:angle_p=25.00000000"",""stage3c_crosscheck:rate_p=0.08875000:rate_d=0.01850000:angle_p=25.25000000"",""stage3c_crosscheck:rate_p=0.08875000:rate_d=0.01900000:angle_p=24.50000000"",""stage3c_crosscheck:rate_p=0.08875000:rate_d=0.01900000:angle_p=24.75000000"",""stage3c_crosscheck:rate_p=0.08875000:rate_d=0.01900000:angle_p=25.00000000"",""stage3c_crosscheck:rate_p=0.08875000:rate_d=0.01900000:angle_p=25.25000000"",""stage3c_crosscheck:rate_p=0.08875000:rate_d=0.01950000:angle_p=24.50000000"",""stage3c_crosscheck:rate_p=0.08875000:rate_d=0.01950000:angle_p=24.75000000"",""stage3c_crosscheck:rate_p=0.08875000:rate_d=0.01950000:angle_p=25.00000000"",""stage3c_crosscheck:rate_p=0.08875000:rate_d=0.01950000:angle_p=25.25000000"",""stage3c_crosscheck:rate_p=0.09000000:rate_d=0.01750000:angle_p=24.50000000"",""stage3c_crosscheck:rate_p=0.09000000:rate_d=0.01750000:angle_p=24.75000000"",""stage3c_crosscheck:rate_p=0.09000000:rate_d=0.01750000:angle_p=25.00000000"",""stage3c_crosscheck:rate_p=0.09000000:rate_d=0.01750000:angle_p=25.25000000"",""stage3c_crosscheck:rate_p=0.09000000:rate_d=0.01800000:angle_p=24.50000000"",""stage3c_crosscheck:rate_p=0.09000000:rate_d=0.01800000:angle_p=24.75000000"",""stage3c_crosscheck:rate_p=0.09000000:rate_d=0.01800000:angle_p=25.00000000"",""stage3c_crosscheck:rate_p=0.09000000:rate_d=0.01800000:angle_p=25.25000000"",""stage3c_crosscheck:rate_p=0.09000000:rate_d=0.01850000:angle_p=24.50000000"",""stage3c_crosscheck:rate_p=0.09000000:rate_d=0.01850000:angle_p=24.75000000"",""stage3c_crosscheck:rate_p=0.09000000:rate_d=0.01850000:angle_p=25.00000000"",""stage3c_crosscheck:rate_p=0.09000000:rate_d=0.01850000:angle_p=25.25000000"",""stage3c_crosscheck:rate_p=0.09000000:rate_d=0.01900000:angle_p=24.50000000"",""stage3c_crosscheck:rate_p=0.09000000:rate_d=0.01900000:angle_p=24.75000000"",""stage3c_crosscheck:rate_p=0.09000000:rate_d=0.01900000:angle_p=25.00000000"",""stage3c_crosscheck:rate_p=0.09000000:rate_d=0.01900000:angle_p=25.25000000"",""stage3c_crosscheck:rate_p=0.09000000:rate_d=0.01950000:angle_p=24.50000000"",""stage3c_crosscheck:rate_p=0.09000000:rate_d=0.01950000:angle_p=24.75000000"",""stage3c_crosscheck:rate_p=0.09000000:rate_d=0.01950000:angle_p=25.00000000"",""stage3c_crosscheck:rate_p=0.09000000:rate_d=0.01950000:angle_p=25.25000000""],""rate_d_values"":[0.0175,0.018,0.0185,0.019,0.0195],""rate_p_values"":[0.08375,0.085,0.08625,0.0875,0.08875,0.09],""scenario_row_count"":840}}"
scenario_run_count,3136
rejected_candidate_count,122
runtime_s,1310.5461680000008
seed,0
baseline_mismatch_override_reasons,"[""forward_1m:early_velocity_reversal"",""backward_1m:early_velocity_reversal""]"
selected,"{""angle_p"":25.0,""rate_d"":0.0195,""rate_p"":0.09,""stage"":""selected_validation""}"
boundary_flags,"{""angle_p_at_max"":false,""angle_p_at_min"":false,""rate_d_at_max"":true,""rate_d_at_min"":false,""rate_p_at_max"":true,""rate_p_at_min"":false}"
deterministic_rerun_digests,"[""b11df587239e289047b65fb09ef55a0ed16259ed578f5ec66bf0a80c61e149bf"",""b11df587239e289047b65fb09ef55a0ed16259ed578f5ec66bf0a80c61e149bf""]"
selection,"{""absolute_margin"":0.01,""audit_passed"":true,""description"":""raw-score rank-1 controller selected for final use"",""near_equivalent_candidate_count"":19,""rank15_comparison_raw_score"":0.406150435755185,""raw_score_best"":0.39690256845961375,""raw_score_rank"":1,""reason"":""This task prioritizes pitch damping, residual velocity, and tail-path performance; raw-score rank 1 passes every hard gate with zero saturation."",""selected_raw_score"":0.39690256845961375}"
